name,now_cost,total_points,form,minutes,goals_scored,assists,clean_sheets,xG,xA,predicted_points,team_a
fábio vieira,5.4,0,0.0,0,0,0,0,0.0,0.0,3.9237786938038095,
g.jesus,6.5,42,0.0,600,3,2,2,3.05,0.52,44.28,
gabriel,6.4,116,3.5,2348,3,2,10,2.7,1.21,66.19,
havertz,7.7,96,0.0,1839,9,3,7,9.39,1.63,102.8,
hein,4.0,0,0.0,0,0,0,0,0.0,0.0,3.9237786938038095,
j.timber,5.6,101,7.0,2199,1,2,10,0.75,1.19,86.45,
jorginho,4.7,16,0.0,540,0,0,2,0.04,0.51,15.63,
kiwior,4.8,13,0.0,323,0,0,1,0.0,0.03,41.27485119047618,
martinelli,6.5,93,2.0,1562,6,3,8,4.49,3.12,94.69,
nwaneri,4.6,46,1.0,595,3,1,2,0.82,1.2,53.73,
ødegaard,8.2,76,4.0,1724,2,4,9,3.76,5.19,86.63,
raya,5.5,117,4.5,2610,0,0,11,0.0,0.01,44.8585142912643,
rice,6.2,89,6.5,2154,2,5,9,1.99,5.01,89.51,
saka,10.2,107,0.0,1268,5,11,6,4.17,5.6,110.11,
saliba,6.2,114,5.5,2364,2,0,11,2.07,0.88,99.64,
thomas,4.9,85,2.0,2185,3,3,7,1.65,2.11,76.85,
tierney,4.3,6,1.0,77,0,0,0,0.21,0.28,11.94,
tomiyasu,4.8,1,0.0,6,0,0,0,0.18,0.0,2.316666666666667,
trossard,6.8,100,2.0,1899,4,6,9,4.66,3.1,94.92,
white,6.1,29,0.0,703,0,1,3,0.19,0.33,24.65,
zinchenko,4.8,19,0.0,292,0,0,2,0.16,0.12,13.985333333333331,
neto,4.1,7,0.0,180,0,0,0,0.0,0.0,3.9237786938038095,
sterling,6.7,17,0.0,303,0,1,1,1.04,0.37,24.48,
calafiori,5.8,37,0.5,921,2,1,1,0.86,0.68,45.99,
lewis-skelly,4.5,22,2.0,762,1,0,4,0.04,0.29,21.06,
merino,6.0,68,5.5,1140,5,1,4,3.76,1.01,69.91,
oulad m'hand,4.5,0,0.0,0,0,0,0,0.0,0.0,3.9237786938038095,
setford,4.5,0,0.0,0,0,0,0,0.0,0.0,3.9237786938038095,
kacurri,4.0,0,0.0,0,0,0,0,0.0,0.0,3.9237786938038095,
kabia,4.5,0,0.0,0,0,0,0,0.0,0.0,3.9237786938038095,
nichols,4.0,0,0.0,0,0,0,0,0.0,0.0,3.9237786938038095,
butler-oyedeji,4.5,0,0.0,0,0,0,0,0.0,0.0,3.9237786938038095,
arteta,1.5,48,6.5,0,0,0,0,0.0,0.0,3.9237786938038095,
porter,4.0,0,0.0,0,0,0,0,0.0,0.0,3.9237786938038095,
bailey,6.2,46,1.0,1131,1,2,2,1.73,2.92,53.54,
barkley,5.2,40,0.0,544,3,1,1,1.68,0.41,36.26,
barrenechea,4.9,0,0.0,0,0,0,0,0.0,0.0,3.9237786938038095,
buendia,5.1,11,0.0,89,0,0,0,0.65,0.03,12.16,
cash,4.4,41,0.0,1395,1,1,2,0.23,1.0,41.22,
dendoncker,4.5,0,0.0,0,0,0,0,0.0,0.0,3.9237786938038095,
diaby,6.5,0,0.0,0,0,0,0,0.0,0.0,3.9237786938038095,
diego carlos,4.5,21,0.0,828,0,0,2,0.64,0.08,21.95,
digne,4.5,75,6.0,2059,0,5,4,0.8,3.56,80.21,
dobbin,5.0,0,0.0,0,0,0,0,0.0,0.0,3.9237786938038095,
duran,5.7,53,0.0,622,7,0,2,5.11,0.24,54.71,
gauci,4.0,0,0.0,0,0,0,0,0.0,0.0,3.9237786938038095,
hause,3.9,0,0.0,0,0,0,0,0.0,0.0,3.9237786938038095,
iling jr,5.4,0,0.0,0,0,0,0,0.0,0.0,3.9237786938038095,
kamara,5.0,30,1.0,1077,0,0,2,0.27,0.31,27.147,
kesler-hayden,4.0,0,0.0,0,0,0,0,0.0,0.0,3.9237786938038095,
konsa,4.4,59,7.0,2171,1,0,3,0.65,0.42,50.84,
maatsen,4.5,24,0.0,604,0,1,0,0.24,1.7,28.06,
marschall,4.0,0,0.0,0,0,0,0,0.0,0.0,3.9237786938038095,
martinez,5.0,73,0.0,2430,0,0,3,0.0,0.01,44.8585142912643,
mcginn,5.2,53,2.0,1775,0,3,4,2.03,2.17,67.02,
mings,4.4,31,8.0,780,0,1,2,0.7,0.18,28.7,
nedeljkovic,3.9,5,0.0,121,0,0,0,0.0,0.02,9.35128214840715,
olsen,4.5,8,7.0,180,0,0,1,0.0,0.0,3.9237786938038095,
pau,4.2,32,0.0,1549,0,0,2,0.51,0.34,28.35,
ramsey,5.4,52,6.0,1245,1,3,2,1.3,1.81,54.44,
rogers,5.5,113,3.0,2337,7,5,5,4.75,3.45,110.05,
sinisalo,4.0,0,0.0,0,0,0,0,0.0,0.0,3.9237786938038095,
sousa,4.0,0,0.0,0,0,0,0,0.0,0.0,3.9237786938038095,
tielemans,5.5,85,3.0,2491,2,4,4,2.61,5.1,85.72,
watkins,8.9,147,9.0,2052,13,6,7,13.61,1.56,140.05,
disasi,4.2,30,6.0,723,1,0,3,0.36,0.36,28.98,
onana,4.8,41,0.0,1078,2,0,2,1.85,0.25,51.6,
rashford,6.6,74,1.0,1175,4,4,5,1.89,3.12,77.82,
bogarde,4.0,6,0.0,473,0,0,0,0.04,0.13,6.38,
swinkels,4.0,0,0.0,0,0,0,0,0.0,0.0,3.9237786938038095,
zych,4.0,0,0.0,0,0,0,0,0.0,0.0,3.9237786938038095,
young,4.4,0,0.0,0,0,0,0,0.0,0.0,3.9237786938038095,
broggio,4.5,0,0.0,0,0,0,0,0.0,0.0,3.9237786938038095,
jimoh,4.5,0,0.0,0,0,0,0,0.0,0.0,3.9237786938038095,
malen,5.4,7,1.0,168,0,0,0,0.55,0.04,9.83,
a. garcia,4.5,6,0.0,266,0,0,0,0.04,0.39,9.98,
emery,0.8,36,9.0,0,0,0,0,0.0,0.0,3.9237786938038095,
m.asensio,6.1,19,0.0,205,2,0,0,1.43,0.15,34.02,
aarons,4.3,8,0.0,84,0,0,1,0.0,0.01,44.8585142912643,
adams,4.9,41,2.0,1239,0,3,3,0.87,0.35,37.05,
anthony,4.5,0,0.0,0,0,0,0,0.0,0.0,3.9237786938038095,
brooks,4.9,43,1.0,722,2,1,2,2.17,1.48,71.93,
christie,4.9,75,2.0,2057,2,3,8,2.11,2.75,76.11,
cook,5.0,68,2.0,2391,1,3,4,0.62,3.16,71.0,
enes ünal,5.4,32,0.0,330,2,1,2,2.73,0.26,46.18,
faivre,5.0,0,0.0,0,0,0,0,0.0,0.0,3.9237786938038095,
h.traorè,4.5,0,0.0,0,0,0,0,0.0,0.0,3.9237786938038095,
hill,3.9,16,0.5,420,0,1,1,0.29,0.24,16.34,
jebbison,4.5,8,0.5,61,0,0,0,0.21,0.12,10.74,
kerkez,5.2,105,4.0,2537,2,6,6,0.5,1.96,94.3,
kluivert,6.3,147,3.5,1934,12,6,10,9.58,3.13,136.64,
mepham,4.4,0,0.0,0,0,0,0,0.0,0.0,3.9237786938038095,
o.dango,5.1,99,1.0,1510,7,4,5,7.17,2.63,100.51,
paulsen,4.0,0,0.0,0,0,0,0,0.0,0.0,3.9237786938038095,
philip,4.8,10,0.0,176,0,0,0,0.55,0.97,19.433333333333334,
scott,4.7,15,0.5,371,0,0,1,0.24,0.43,18.526666666666667,
semenyo,5.7,111,1.0,2465,7,5,7,8.06,3.91,111.58,
senesi,4.6,21,0.0,917,0,0,1,0.81,0.44,48.13,
sinisterra,4.8,23,1.0,229,1,1,0,1.18,1.29,38.32,
smith,4.4,34,0.0,1032,0,0,3,0.6,0.1,27.3,
tavernier,5.4,72,4.0,1500,3,6,3,5.17,2.48,79.9,
travers,4.4,19,0.0,450,0,0,1,0.0,0.01,44.8585142912643,
zabarnyi,4.4,65,0.5,2364,0,0,6,0.81,0.42,57.22,
arrizabalaga,4.6,72,1.0,1980,0,0,5,0.06,0.01,42.955,
huijsen,4.5,71,0.5,1690,2,0,5,1.6,1.18,67.18,
j.araujo,4.3,8,0.0,352,0,0,0,0.0,0.04,10.62304761904762,
dennis,3.9,0,0.0,0,0,0,0,0.0,0.0,3.9237786938038095,
evanilson,5.7,89,5.0,1541,6,4,8,7.77,1.42,91.03,
kinsey,4.0,0,0.0,0,0,0,0,0.0,0.0,3.9237786938038095,
winterburn,4.5,2,0.0,9,0,0,0,0.0,0.0,3.9237786938038095,
harris,4.0,0,0.0,0,0,0,0,0.0,0.0,3.9237786938038095,
rees-dottin,4.5,1,0.0,1,0,0,0,0.0,0.0,3.9237786938038095,
akinmboni,4.0,0,0.0,0,0,0,0,0.0,0.0,3.9237786938038095,
soler,3.9,0,0.0,0,0,0,0,0.0,0.0,3.9237786938038095,
adu-adjei,4.5,0,0.0,0,0,0,0,0.0,0.0,3.9237786938038095,
sadi,4.5,0,0.0,0,0,0,0,0.0,0.0,3.9237786938038095,
mckenna,4.0,0,0.0,0,0,0,0,0.0,0.0,3.9237786938038095,
silcott-duberry,4.5,1,0.0,1,0,0,0,0.0,0.0,3.9237786938038095,
iraola,1.1,29,3.0,0,0,0,0,0.0,0.0,3.9237786938038095,
ajer,4.4,28,1.5,1206,0,0,2,0.72,0.44,32.98,
brierley,4.4,0,0.0,0,0,0,0,0.0,0.0,3.9237786938038095,
collins,4.5,90,1.5,2610,2,5,5,2.28,1.21,84.32,
damsgaard,5.1,108,2.0,2217,2,9,8,2.42,5.36,99.8,
dasilva,4.8,0,0.0,0,0,0,0,0.0,0.0,3.9237786938038095,
flekken,4.4,96,3.0,2465,0,1,4,0.0,0.09,72.8,
henry,4.3,1,0.0,3,0,0,0,0.0,0.0,3.9237786938038095,
hickey,4.3,0,0.0,0,0,0,0,0.0,0.0,3.9237786938038095,
janelt,4.9,68,1.0,2098,1,3,6,0.83,2.3,68.82,
jensen,5.3,28,0.5,728,0,1,2,0.23,1.17,29.26,
ji-soo,3.9,3,0.5,28,0,0,0,0.0,0.0,3.9237786938038095,
konak,4.4,7,0.5,27,0,0,0,0.15,0.0,5.236666666666667,
lewis-potter,5.0,75,2.0,2367,1,4,6,2.38,3.96,76.5,
mbeumo,8.1,179,4.0,2605,15,6,6,9.23,6.88,176.54,
mee,4.2,9,0.5,180,0,0,1,0.0,0.02,9.35128214840715,
nørgaard,4.8,73,6.0,2010,4,2,3,3.01,0.81,72.23,
onyeka,4.9,2,0.0,23,0,0,0,0.0,0.02,9.35128214840715,
peart-harris,4.5,0,0.0,0,0,0,0,0.0,0.0,3.9237786938038095,
pinnock,4.4,46,2.0,1830,2,0,2,0.87,0.64,46.07,
roerslev,4.3,36,0.0,1100,0,2,2,0.2,2.09,43.66,
schade,5.1,104,2.0,1562,7,4,7,5.76,1.16,99.47,
thiago,5.9,5,0.0,129,0,0,0,0.1,0.02,18.933071428571427,
toney,7.3,0,0.0,0,0,0,0,0.0,0.0,3.9237786938038095,
valdimarsson,3.9,2,0.0,144,0,0,0,0.0,0.0,3.9237786938038095,
wissa,6.6,132,5.0,2111,13,3,6,13.51,1.46,132.29,
yarmoliuk,4.4,26,0.5,781,0,0,0,0.62,0.4,28.83,
zanka,4.5,0,0.0,0,0,0,0,0.0,0.0,3.9237786938038095,
carvalho,4.5,35,0.0,443,2,1,0,2.49,0.54,42.3,
van den berg,4.1,38,0.5,1774,0,1,2,0.8,0.44,37.21,
trevitt,4.4,1,0.0,3,0,0,0,0.0,0.0,3.9237786938038095,
g.nunes,4.9,0,0.0,0,0,0,0,0.0,0.0,3.9237786938038095,
meghoma,4.0,1,0.0,4,0,0,0,0.0,0.0,3.9237786938038095,
yogane,4.5,0,0.0,0,0,0,0,0.0,0.0,3.9237786938038095,
maghoma,4.5,7,0.0,105,0,0,0,0.12,0.04,11.7,
arthur,4.0,0,0.0,0,0,0,0,0.0,0.0,3.9237786938038095,
frank,0.8,41,4.0,0,0,0,0,0.0,0.0,3.9237786938038095,
kayode,4.5,4,0.0,30,0,0,0,0.0,0.07,8.0525,
eyestone,4.0,0,0.0,0,0,0,0,0.0,0.0,3.9237786938038095,
morgan,4.5,0,0.0,0,0,0,0,0.0,0.0,3.9237786938038095,
benjamin fredrick,4.0,0,0.0,0,0,0,0,0.0,0.0,3.9237786938038095,
adingra,5.1,39,1.0,613,2,1,1,1.47,1.6,46.95,
baker-boaitey,4.5,0,0.0,0,0,0,0,0.0,0.0,3.9237786938038095,
baleba,5.0,61,1.5,1948,2,1,7,2.93,1.03,63.4,
barco,4.0,0,0.0,0,0,0,0,0.0,0.0,3.9237786938038095,
cozier-duberry,4.5,0,0.0,0,0,0,0,0.0,0.0,3.9237786938038095,
dahoud,4.9,0,0.0,0,0,0,0,0.0,0.0,3.9237786938038095,
dunk,4.2,38,0.0,1560,0,1,4,0.69,0.64,38.78,
estupiñan,4.9,51,4.5,1689,1,1,2,0.56,1.72,53.81,
gilmour,5.0,3,0.0,97,0,0,0,0.08,0.04,5.349333333333333,
gross,6.5,0,0.0,0,0,0,0,0.0,0.0,3.9237786938038095,
hinshelwood,4.9,50,3.5,1252,2,1,5,1.35,1.24,53.89,
i.osman,5.0,0,0.0,0,0,0,0,0.0,0.0,3.9237786938038095,
igor,4.3,17,0.0,900,0,0,1,0.05,0.23,14.08,
joão pedro,5.6,111,5.0,1698,8,6,6,7.11,2.61,109.03,
kozlowski,4.5,0,0.0,0,0,0,0,0.0,0.0,3.9237786938038095,
lamptey,4.4,40,0.0,762,2,2,2,0.38,0.53,31.6,
march,6.5,3,0.5,37,0,0,0,0.07,0.02,10.10198717948718,
mazilu,4.5,0,0.0,0,0,0,0,0.0,0.0,3.9237786938038095,
milner,5.0,5,0.0,169,0,0,1,0.16,0.15,7.975333333333335,
minteh,5.1,76,2.0,1257,5,4,3,3.31,3.61,81.37,
mitoma,6.5,118,1.5,2312,7,4,6,7.28,3.66,113.6,
moder,4.4,4,0.0,9,0,0,0,0.0,0.53,9.68,
o’mahony,4.5,0,0.0,0,0,0,0,0.0,0.0,3.9237786938038095,
offiah,4.0,0,0.0,0,0,0,0,0.0,0.0,3.9237786938038095,
peupion,4.4,0,0.0,0,0,0,0,0.0,0.0,3.9237786938038095,
sarmiento,4.9,1,0.0,8,0,0,0,0.0,0.0,3.9237786938038095,
steele,4.1,9,0.0,180,0,0,1,0.0,0.0,3.9237786938038095,
undav,5.5,0,0.0,0,0,0,0,0.0,0.0,3.9237786938038095,
van hecke,4.5,77,5.0,2330,1,1,6,1.22,1.12,59.48,
veltman,4.3,58,0.0,1642,0,0,6,0.47,1.29,43.66333333333333,
verbruggen,4.5,82,1.0,2430,0,1,6,0.0,0.01,80.26986111111113,
webster,4.3,26,1.5,615,0,0,3,0.02,0.21,19.25,
welbeck,5.5,92,1.0,1482,7,4,6,6.66,1.11,93.08,
wieffer,4.7,30,0.5,483,1,2,1,0.5,0.22,30.7,
gruda,5.4,19,0.5,380,0,1,1,0.27,0.53,21.42,
ayari,5.0,47,3.0,1437,0,1,6,1.54,2.05,49.82,
moran,5.0,0,0.0,0,0,0,0,0.0,0.0,3.9237786938038095,
rushworth,3.9,0,0.0,0,0,0,0,0.0,0.0,3.9237786938038095,
georginio,5.1,95,3.5,1651,5,6,6,4.57,1.67,94.49,
f.kadıoğlu,4.4,19,0.0,385,1,0,2,0.44,0.31,21.542,
o'riley,5.5,25,0.0,468,1,1,2,1.15,1.24,58.28,
samuels,4.0,0,0.0,0,0,0,0,0.0,0.0,3.9237786938038095,
cahill,3.9,0,0.0,0,0,0,0,0.0,0.0,3.9237786938038095,
mcconville,4.0,0,0.0,0,0,0,0,0.0,0.0,3.9237786938038095,
slater,4.0,0,0.0,0,0,0,0,0.0,0.0,3.9237786938038095,
gómez,5.5,9,1.5,251,0,0,0,0.32,0.72,25.909166666666664,
hürzeler,1.1,54,6.5,0,0,0,0,0.0,0.0,3.9237786938038095,
knight,4.5,0,0.0,0,0,0,0,0.0,0.0,3.9237786938038095,
cashin,4.5,0,0.0,0,0,0,0,0.0,0.0,3.9237786938038095,
andrey santos,4.5,0,0.0,0,0,0,0,0.0,0.0,3.9237786938038095,
ângelo,4.5,0,0.0,0,0,0,0,0.0,0.0,3.9237786938038095,
b.badiashile,4.2,7,1.0,332,0,0,0,0.0,0.08,5.8125,
bergström,3.9,0,0.0,0,0,0,0,0.0,0.0,3.9237786938038095,
bettinelli,3.9,0,0.0,0,0,0,0,0.0,0.0,3.9237786938038095,
caicedo,4.9,73,3.0,2541,1,3,7,0.63,2.38,71.12,
casadei,4.4,0,0.0,0,0,0,0,0.0,0.0,3.9237786938038095,
chalobah,4.4,67,0.5,1355,3,1,3,1.42,0.56,35.92,
chukwuemeka,4.7,0,0.0,0,0,0,0,0.0,0.0,3.9237786938038095,
colwill,4.4,72,3.5,2430,1,1,6,0.74,1.19,68.75,
cucurella,5.2,93,8.5,2255,4,2,5,2.13,1.98,77.79,
d.d.fofana,5.4,0,0.0,0,0,0,0,0.0,0.0,3.9237786938038095,
deivid,4.9,0,0.0,0,0,0,0,0.0,0.0,3.9237786938038095,
dewsbury-hall,5.5,14,0.5,193,0,1,0,0.22,0.2,14.73,
enzo,4.7,93,4.0,2136,4,6,5,4.5,4.96,96.44,
gallagher,5.9,0,0.0,0,0,0,0,0.0,0.0,3.9237786938038095,
gilchrist,4.0,0,0.0,0,0,0,0,0.0,0.0,3.9237786938038095,
gusto,4.9,41,0.5,1545,0,1,2,1.33,1.44,43.54,
james,4.8,24,1.0,678,1,1,0,0.19,0.6,27.07,
kellyman,4.3,0,0.0,0,0,0,0,0.0,0.0,3.9237786938038095,
lavia,4.5,16,0.5,538,0,1,1,0.18,0.31,19.47,
lukaku,6.3,0,0.0,0,0,0,0,0.0,0.0,3.9237786938038095,
m.sarr,4.5,0,0.0,0,0,0,0,0.0,0.0,3.9237786938038095,
madueke,6.0,100,0.0,1449,7,4,3,7.58,2.23,101.15,
marc guiu,4.7,3,0.0,71,0,0,0,0.0,0.02,9.35128214840715,
mudryk,6.1,7,0.0,145,0,0,0,0.24,0.66,11.78,
n.jackson,7.7,108,0.0,1735,9,6,8,10.71,1.65,113.0,
nkunku,5.7,58,2.5,856,3,2,2,4.95,0.98,64.95,
palmer,10.8,181,0.5,2442,14,8,6,14.76,7.55,182.7,
petrović,4.4,0,0.0,0,0,0,0,0.0,0.0,3.9237786938038095,
renato veiga,4.4,7,0.0,176,0,0,1,0.16,0.15,7.975333333333335,
sánchez,4.5,86,6.0,2070,0,0,5,0.0,0.01,44.8585142912643,
tosin,4.2,50,4.0,1086,1,1,4,0.85,0.17,44.62,
w.fofana,4.3,26,3.5,1172,0,0,2,0.44,0.18,24.96,
sancho,6.2,68,2.5,1424,2,5,4,1.56,2.79,73.8,
neto,6.3,69,2.0,1524,3,4,4,2.04,3.03,74.95,
wiley,4.0,0,0.0,0,0,0,0,0.0,0.0,3.9237786938038095,
jørgensen,4.2,18,0.0,540,0,0,1,0.0,0.0,3.9237786938038095,
joão félix,5.9,24,0.0,362,1,2,1,2.3,0.45,33.59,
rak-sakyi,4.5,0,0.0,0,0,0,0,0.0,0.0,3.9237786938038095,
george,4.5,7,1.0,84,0,1,0,0.13,0.26,9.44,
acheampong,4.0,4,0.0,168,0,0,0,0.22,0.01,6.198404761904762,
maresca,1.5,31,4.5,0,0,0,0,0.0,0.0,3.9237786938038095,
amougou,4.5,1,0.0,7,0,0,0,0.0,0.0,3.9237786938038095,
anselmino,4.0,0,0.0,0,0,0,0,0.0,0.0,3.9237786938038095,
mheuka,4.5,1,0.0,1,0,0,0,0.06,0.0,0.9825,
samuels-smith,4.0,0,0.0,0,0,0,0,0.0,0.0,3.9237786938038095,
genesis antwi,4.0,0,0.0,0,0,0,0,0.0,0.0,3.9237786938038095,
nketiah,5.9,35,2.0,698,1,2,2,3.45,0.8,53.88,
chilwell,4.6,2,0.0,49,0,0,0,0.05,0.26,6.12,
ahamada,4.5,0,0.0,0,0,0,0,0.0,0.0,3.9237786938038095,
c.doucouré,4.8,19,0.0,443,0,1,1,0.4,0.11,17.91,
c.richards,4.4,53,6.0,1336,0,1,6,0.47,0.1,22.78,
chadi riad,4.3,1,0.0,90,0,0,0,0.0,0.02,9.35128214840715,
clyne,4.3,16,0.0,392,0,0,1,0.01,0.13,12.496,
ebiowei,4.5,0,0.0,0,0,0,0,0.0,0.0,3.9237786938038095,
eze,6.7,86,3.0,1925,2,6,8,6.03,3.29,84.94,
guéhi,4.7,101,5.0,2430,3,2,9,1.5,1.18,60.35,
henderson,4.6,106,10.0,2520,0,0,9,0.01,0.02,71.24841208791209,
holding,4.2,0,0.0,0,0,0,0,0.0,0.0,3.9237786938038095,
hughes,4.9,53,0.0,1636,0,4,7,0.88,2.1,55.9,
kamada,5.1,32,1.0,972,0,0,3,0.84,1.01,34.41,
lerma,4.8,38,3.0,1538,0,0,5,0.94,1.33,40.9,
mateta,7.5,123,0.0,2129,12,2,7,11.44,2.13,129.49,
m.frança,4.4,0,0.0,0,0,0,0,0.0,0.0,3.9237786938038095,
matthews,3.9,0,0.0,0,0,0,0,0.0,0.0,3.9237786938038095,
mitchell,4.8,97,6.0,2399,0,4,10,1.23,3.25,84.52,
muñoz,5.1,112,6.0,2344,3,5,9,4.11,2.36,98.02,
ozoh,4.5,0,0.0,0,0,0,0,0.0,0.0,3.9237786938038095,
rak-sakyi,4.5,0,0.0,0,0,0,0,0.0,0.0,3.9237786938038095,
schlupp,4.6,12,0.0,95,0,0,0,0.17,0.14,12.613333333333337,
ward,4.3,0,0.0,0,0,0,0,0.0,0.0,3.9237786938038095,
wharton,4.7,22,2.0,840,0,0,2,0.25,1.4,22.29,
turner,3.9,0,0.0,0,0,0,0,0.0,0.0,3.9237786938038095,
i.sarr,5.6,113,11.0,1927,7,4,8,7.85,4.88,114.01,
umeh-chibueze,4.4,0,0.0,0,0,0,0,0.0,0.0,3.9237786938038095,
devenny,4.5,22,1.0,311,1,0,0,0.49,0.31,22.38,
agbinone,4.5,2,0.0,4,0,0,0,0.02,0.01,12.368880952380954,
rodney,4.5,0,0.0,0,0,0,0,0.0,0.0,3.9237786938038095,
lacroix,4.5,93,6.0,2245,1,2,9,2.61,0.54,73.32,
kporha,4.0,2,0.0,11,0,0,0,0.0,0.02,9.35128214840715,
marsh,4.5,0,0.0,0,0,0,0,0.0,0.0,3.9237786938038095,
esse,4.7,9,1.0,8,1,0,0,0.32,0.0,2.1366666666666667,
glasner,0.8,61,9.0,0,0,0,0,0.0,0.0,3.9237786938038095,
broja,5.3,6,0.5,166,0,0,0,0.11,0.09,7.803333333333334,
a.doucoure,5.1,67,2.0,1980,2,1,9,3.2,1.08,66.17,
beto,5.1,62,2.0,920,6,0,2,5.35,0.17,51.35,
branthwaite,4.8,67,2.0,1806,0,1,7,0.75,0.25,54.14,
calvert-lewin,5.4,59,0.0,1571,3,2,8,6.05,0.63,71.57,
coleman,4.3,3,0.0,196,0,0,0,0.62,0.01,5.52,
gana,4.8,70,4.5,2266,0,3,8,1.05,1.71,61.88,
garner,4.9,24,2.0,858,0,1,2,0.14,0.97,32.1,
harrison,5.2,58,6.0,1498,1,2,4,3.07,2.32,60.12,
holgate,4.0,1,0.0,5,0,0,0,0.0,0.0,3.9237786938038095,
iroegbunam,4.3,17,0.5,468,0,1,0,0.23,0.14,16.558,
j.virginia,3.9,0,0.0,0,0,0,0,0.0,0.0,3.9237786938038095,
keane,3.8,33,0.0,812,2,0,2,0.43,0.02,28.496,
maupay,4.9,0,0.0,0,0,0,0,0.0,0.0,3.9237786938038095,
mcneil,5.1,65,0.0,1140,3,5,4,0.87,3.96,87.42,
mykolenko,4.4,85,2.0,2362,0,2,8,0.39,1.61,63.79,
ndiaye,5.2,81,0.0,1874,6,0,11,3.58,1.03,79.82,
patterson,4.4,7,0.0,124,0,0,0,0.07,0.3,12.543333333333337,
pickford,5.1,116,2.5,2610,0,1,9,0.0,0.18,90.34,
tarkowski,4.9,95,2.0,2601,1,1,9,1.14,1.96,56.37,
y. chermiti,4.9,0,0.0,11,0,0,0,0.07,0.0,1.0743333333333331,
young,4.4,80,0.5,1551,1,4,7,0.27,1.82,72.14,
alcaraz,4.9,19,1.0,323,1,1,0,0.97,0.35,35.71,
lindstrøm,5.0,44,3.0,1229,0,1,6,2.15,1.96,52.27,
o'brien,4.5,40,6.0,848,2,0,2,0.56,0.26,35.39,
armstrong,4.4,2,0.0,47,0,0,0,0.37,0.0,1.836666666666667,
metcalfe,4.5,0,0.0,0,0,0,0,0.0,0.0,3.9237786938038095,
begovic,4.0,0,0.0,0,0,0,0,0.0,0.0,3.9237786938038095,
dixon,4.0,0,0.0,90,0,0,0,0.0,0.0,3.9237786938038095,
mangala,5.0,39,0.0,1257,1,0,5,1.13,0.59,40.51,
bates,4.5,0,0.0,0,0,0,0,0.0,0.0,3.9237786938038095,
sherif,4.5,0,0.0,0,0,0,0,0.0,0.0,3.9237786938038095,
moyes,0.5,66,4.0,0,0,0,0,0.0,0.0,3.9237786938038095,
heath,4.5,0,0.0,0,0,0,0,0.0,0.0,3.9237786938038095,
coby ebere,4.5,0,0.0,0,0,0,0,0.0,0.0,3.9237786938038095,
nelson,5.0,27,0.0,483,1,1,1,1.07,0.96,41.24,
smith rowe,5.1,95,2.5,1722,5,2,7,4.04,1.68,83.33,
andersen,4.2,41,3.0,1863,0,0,4,0.45,0.38,27.06,
adama,4.6,73,0.5,1396,2,5,3,3.68,3.96,80.03,
andreas,4.9,70,4.0,1570,2,6,5,3.33,3.47,75.26,
bassey,4.5,67,3.5,2444,1,0,5,0.99,0.27,57.93,
benda,3.9,0,0.0,0,0,0,0,0.0,0.0,3.9237786938038095,
cairney,4.8,22,0.5,424,1,0,1,0.15,0.92,28.601666666666667,
castagne,4.2,41,3.5,1337,0,1,3,0.38,0.47,25.80333333333333,
diop,4.4,30,0.5,1258,0,0,1,0.51,0.06,13.97,
harris,4.5,0,0.0,0,0,0,0,0.0,0.0,3.9237786938038095,
iwobi,5.6,120,4.0,2360,7,4,6,3.51,5.36,103.76,
leno,5.0,94,7.0,2610,0,2,5,0.0,0.02,85.58479166666667,
lukić,4.8,42,0.0,1742,0,2,3,0.82,1.13,52.44,
mbabu,4.0,0,0.0,0,0,0,0,0.0,0.0,3.9237786938038095,
muniz,5.5,73,4.0,799,6,1,2,4.81,0.19,52.59,
raúl,5.5,118,5.0,1830,10,3,7,10.31,1.75,114.88,
ream,4.5,0,0.0,0,0,0,0,0.0,0.0,3.9237786938038095,
reed,4.7,8,0.5,71,0,0,0,0.14,0.09,8.82,
robinson,5.0,98,3.5,2538,0,10,5,0.7,3.4,91.62,
stansfield,5.0,1,0.0,1,0,0,0,0.0,0.0,3.9237786938038095,
tete,4.4,37,0.0,1262,0,2,2,1.02,0.44,33.56,
vinicius,5.0,1,0.0,3,0,0,0,0.06,0.0,0.9825,
wilson,5.2,63,0.0,829,5,2,2,3.29,0.94,68.19,
sessegnon,4.1,20,4.0,92,2,0,0,0.54,0.35,25.43,
j.cuenca,4.4,6,0.0,168,0,0,0,0.0,0.0,3.9237786938038095,
king,4.4,7,0.0,78,0,0,1,0.2,0.65,11.806666666666668,
godo,4.4,1,0.0,14,0,0,0,0.0,0.0,3.9237786938038095,
berge,5.0,41,2.5,1643,0,0,4,0.16,0.43,19.67,
amissah,4.0,0,0.0,0,0,0,0,0.0,0.0,3.9237786938038095,
silva,1.1,55,5.5,0,0,0,0,0.0,0.0,3.9237786938038095,
willian,5.0,7,2.0,128,0,0,1,0.13,0.21,12.66,
enciso,5.4,24,2.0,554,0,1,2,1.63,0.59,32.59,
al-hamadi,4.7,8,0.0,125,0,0,0,0.35,0.04,11.7,
baggott,4.0,0,0.0,0,0,0,0,0.0,0.0,3.9237786938038095,
broadhead,4.9,17,1.0,445,0,0,1,1.11,1.01,32.38,
burgess,3.8,15,0.5,945,0,1,0,0.72,0.24,27.45,
burns,4.8,30,0.0,922,0,1,1,0.5,1.17,34.56,
chaplin,5.1,33,0.0,605,1,2,1,1.18,0.54,41.3,
h.clarke,4.0,1,0.0,377,0,0,0,0.08,0.1,2.52,
davis,4.3,51,1.0,2461,1,2,2,0.89,4.18,74.46,
delap,5.6,108,2.0,2172,10,2,3,8.32,1.32,105.93,
edmundson,4.0,1,0.0,1,0,0,0,0.0,0.0,3.9237786938038095,
greaves,3.9,32,0.5,1665,1,0,2,1.24,0.15,32.56,
harness,4.9,2,0.0,43,0,0,0,0.0,0.05,5.780833333333334,
hirst,5.4,30,3.0,258,2,1,0,1.09,0.11,30.35,
humphreys,4.5,0,0.0,0,0,0,0,0.0,0.0,3.9237786938038095,
hutchinson,5.2,77,1.5,2225,3,2,3,2.34,1.64,74.82,
johnson,3.9,17,0.5,945,0,1,0,0.68,0.41,22.85,
ladapo,4.5,0,0.0,0,0,0,0,0.0,0.0,3.9237786938038095,
luongo,4.4,9,0.0,179,0,0,0,0.0,0.01,44.8585142912643,
morsy,4.8,51,0.0,1977,1,1,2,0.31,1.03,48.8,
ndaba,4.0,0,0.0,0,0,0,0,0.0,0.0,3.9237786938038095,
slicker,3.9,0,0.0,0,0,0,0,0.0,0.0,3.9237786938038095,
taylor,4.8,27,1.0,478,1,0,0,0.57,0.73,43.02,
tuanzebe,3.9,19,0.0,1095,0,1,1,0.21,0.11,17.21,
walton,4.3,14,0.0,540,0,0,1,0.0,0.0,3.9237786938038095,
woolfenden,3.9,16,1.0,1007,0,0,1,0.03,0.02,11.67426923076923,
phillips,4.8,25,1.0,1201,0,0,1,0.44,0.46,25.4775,
muric,4.4,49,0.0,1620,0,0,1,0.0,0.01,44.8585142912643,
jaden,5.3,35,2.5,782,2,0,2,2.35,0.34,41.14,
townsend,3.9,4,0.0,136,0,0,0,0.0,0.15,3.3445,
szmodics,5.7,53,0.0,976,4,0,2,3.44,0.44,49.93,
cajuste,4.5,46,5.5,1435,1,0,1,0.33,0.38,38.85,
o'shea,3.9,36,2.5,2312,0,1,2,0.84,0.27,39.21,
j.clarke,5.4,43,3.5,855,0,4,1,0.94,0.94,46.53,
ogbene,4.8,7,0.0,237,0,0,0,0.0,0.05,5.780833333333334,
godfrey,4.0,-1,0.0,108,0,0,0,0.0,0.02,9.35128214840715,
mckenna,0.5,16,1.0,0,0,0,0,0.0,0.0,3.9237786938038095,
palmer,4.5,9,1.5,450,0,0,0,0.0,0.0,3.9237786938038095,
buonanotte,4.6,63,1.0,1312,4,2,2,3.61,2.01,72.55,
j.ayew,5.1,58,0.5,1312,4,0,2,3.35,1.22,63.57,
edouard,5.1,7,0.0,141,0,0,0,0.39,0.07,11.08,
b.soumaré,4.4,32,2.0,1559,0,0,0,0.27,0.8,25.69583333333333,
cannon,4.5,0,0.0,0,0,0,0,0.0,0.0,3.9237786938038095,
choudhury,4.4,4,0.0,129,0,0,0,0.0,0.19,11.7195,
coady,4.0,12,1.5,902,0,0,0,0.0,0.47,13.27,
daka,4.8,25,2.0,450,1,0,0,0.78,0.04,23.88,
de cordova-reid,5.2,43,0.5,628,1,4,0,0.75,0.14,45.09,
faes,3.9,35,1.5,2092,1,0,1,1.16,0.38,37.46,
golding,4.4,0,0.0,0,0,0,0,0.0,0.0,3.9237786938038095,
hermansen,4.4,54,5.5,1935,0,0,1,0.0,0.02,9.35128214840715,
iversen,3.9,0,0.0,0,0,0,0,0.0,0.0,3.9237786938038095,
justin,4.1,48,1.5,2274,2,1,1,1.45,0.61,48.01,
kristiansen,4.4,32,1.5,2276,0,1,1,0.13,1.67,29.52,
marcal,4.5,0,0.0,0,0,0,0,0.0,0.0,3.9237786938038095,
mavididi,5.0,60,1.0,1387,3,1,1,1.59,3.14,62.89,
mcateer,4.7,19,0.5,388,0,1,1,0.55,0.22,20.28,
ndidi,4.9,46,1.5,1646,0,4,1,1.74,1.23,53.2,
okoli,4.0,19,0.0,1001,0,0,1,0.14,0.13,15.76,
ricardo,4.1,3,0.5,152,0,0,0,0.04,0.04,3.33,
souttar,4.0,0,0.0,0,0,0,0,0.0,0.0,3.9237786938038095,
stolarczyk,4.0,10,0.0,540,0,0,0,0.0,0.0,3.9237786938038095,
thomas,3.9,5,1.5,362,0,0,0,0.04,0.08,5.305,
vardy,5.3,100,2.0,2226,7,4,1,9.3,2.44,101.19,
vestergaard,3.9,11,0.0,1390,0,0,0,0.11,0.08,10.333333333333336,
ward,3.9,2,0.0,135,0,0,0,0.0,0.0,3.9237786938038095,
winks,4.4,40,1.0,1536,0,2,0,0.23,1.53,38.9,
skipp,4.7,19,0.0,770,0,0,1,0.13,0.28,15.6,
a.fatawu,5.1,26,0.0,576,0,2,0,0.41,1.42,32.6,
alves,4.4,1,0.0,1,0,0,0,0.0,0.0,3.9237786938038095,
nelson,4.0,0,0.0,0,0,0,0,0.0,0.0,3.9237786938038095,
el khannouss,4.8,57,1.5,1522,2,1,1,0.68,1.71,71.1,
cartwright,4.5,0,0.0,0,0,0,0,0.0,0.0,3.9237786938038095,
wilson-brown,4.0,0,0.0,0,0,0,0,0.0,0.0,3.9237786938038095,
coulibaly,4.0,1,0.0,107,0,0,0,0.04,0.04,3.33,
van nistelrooy,0.5,8,0.0,0,0,0,0,0.0,0.0,3.9237786938038095,
a.becker,5.6,90,3.0,1878,0,0,9,0.0,0.2,12.5275,
alexander-arnold,7.3,135,2.0,2144,2,6,12,1.52,6.55,120.63,
bajcetic,4.5,0,0.0,0,0,0,0,0.0,0.0,3.9237786938038095,
bradley,4.7,16,0.0,364,0,0,1,0.49,0.26,16.23,
clark,4.5,0,0.0,0,0,0,0,0.0,0.0,3.9237786938038095,
darwin,7.0,60,10.0,957,5,3,2,4.88,0.38,60.42,
diogo j.,7.2,72,1.0,835,5,4,6,6.16,1.06,84.1,
doak,4.5,0,0.0,0,0,0,0,0.0,0.0,3.9237786938038095,
elliott,5.2,14,1.0,121,0,1,0,0.2,0.38,17.4,
endo,4.6,14,1.0,137,0,0,0,0.0,0.04,10.62304761904762,
gakpo,7.4,96,0.0,1400,8,4,5,5.92,2.72,104.98,
gomez,4.7,14,0.0,517,0,0,1,0.33,0.09,13.98,
gravenberch,5.0,71,2.0,2471,0,2,12,0.86,3.05,62.68,
jones,5.3,70,1.0,1159,3,5,4,4.0,0.87,77.82,
kelleher,4.0,37,0.0,720,0,0,3,0.0,0.0,3.9237786938038095,
konaté,5.2,82,2.0,1894,1,2,9,1.09,0.8,68.16,
luis díaz,7.5,138,6.0,1845,9,6,13,7.48,3.25,111.62,
m.salah,13.7,306,15.0,2570,27,17,12,21.45,6.94,272.57,
mac allister,6.2,87,1.0,2110,3,4,12,2.4,3.83,84.49,
mcconnell,4.4,0,0.0,0,0,0,0,0.0,0.0,3.9237786938038095,
morton,4.4,0,0.0,0,0,0,0,0.0,0.0,3.9237786938038095,
n.phillips,4.0,0,0.0,0,0,0,0,0.0,0.0,3.9237786938038095,
quansah,3.9,9,1.0,286,0,0,0,0.0,0.14,6.910500000000001,
r.williams,4.0,0,0.0,0,0,0,0,0.0,0.0,3.9237786938038095,
robertson,5.8,76,1.0,2014,0,0,9,0.79,3.48,69.08,
szoboszlai,6.4,111,1.0,1948,5,7,10,6.3,4.36,109.39,
tsimikas,4.6,32,0.0,509,0,1,3,0.12,1.1,32.77,
virgil,6.4,108,2.0,2610,1,1,12,1.53,0.75,84.81,
chiesa,6.8,3,0.0,25,0,0,0,0.16,0.09,7.252000000000001,
jaros,4.0,1,0.0,11,0,0,0,0.0,0.0,3.9237786938038095,
davies,4.0,0,0.0,0,0,0,0,0.0,0.0,3.9237786938038095,
nyoni,4.5,0,0.0,0,0,0,0,0.0,0.0,3.9237786938038095,
nallo,4.0,0,0.0,0,0,0,0,0.0,0.0,3.9237786938038095,
danns,4.5,1,0.0,10,0,0,0,0.0,0.01,44.8585142912643,
slot,1.5,67,9.0,0,0,0,0,0.0,0.0,3.9237786938038095,
akanji,5.3,44,0.0,1707,0,0,4,0.7,1.09,46.99,
aké,5.3,25,0.0,677,0,0,3,0.22,0.17,25.94333333333333,
bernardo,6.1,76,1.5,2037,2,4,4,2.97,3.49,78.15,
bobb,4.7,0,0.0,0,0,0,0,0.0,0.0,3.9237786938038095,
carson,3.9,0,0.0,0,0,0,0,0.0,0.0,3.9237786938038095,
de bruyne,9.3,76,1.0,1095,2,8,5,2.69,4.64,86.87,
doku,6.2,67,1.5,1156,3,4,5,0.97,2.45,69.45,
ederson m.,5.3,75,1.5,1710,0,3,5,0.0,0.02,78.5138888888889,
foden,9.2,99,2.0,1625,7,3,5,4.87,5.12,111.9,
grealish,6.4,26,0.0,600,0,1,1,0.78,1.52,53.87,
gvardiol,6.0,106,1.5,2468,5,0,7,4.18,2.48,80.3,
haaland,14.8,171,4.5,2480,21,3,7,20.78,1.75,182.22,
j.alvarez,7.0,0,0.0,0,0,0,0,0.0,0.0,3.9237786938038095,
joão cancelo,5.3,0,0.0,0,0,0,0,0.0,0.0,3.9237786938038095,
kovačić,5.4,80,0.5,1677,4,2,7,1.46,2.65,73.05,
lewis,4.3,56,1.0,1699,1,2,4,1.32,0.92,54.01,
matheus n.,4.9,45,1.0,1040,0,4,4,0.53,2.35,51.81,
mcatee,4.6,20,0.0,123,2,0,0,1.34,0.03,24.14,
ortega moreno,5.2,26,0.5,900,0,0,2,0.0,0.0,3.9237786938038095,
rodrigo,6.2,2,0.0,65,0,0,0,0.0,0.09,3.5625,
rúben,5.4,44,1.5,1459,0,0,5,1.29,0.82,48.34,
stones,5.3,29,0.0,544,2,0,1,0.6,0.17,32.26,
walker,5.1,13,0.0,966,0,0,0,0.12,1.34,19.46,
savinho,6.2,91,1.5,1561,1,10,6,4.62,5.45,92.68,
o’reilly,4.9,2,0.0,21,0,0,0,0.03,0.0,2.058270917860824,
gündogan,6.3,55,3.5,1528,0,3,4,1.68,3.1,60.3,
kaboré,4.5,0,0.0,0,0,0,0,0.0,0.0,3.9237786938038095,
wright,4.5,0,0.0,0,0,0,0,0.0,0.0,3.9237786938038095,
simpson-pusey,4.0,1,0.0,95,0,0,0,0.0,0.01,44.8585142912643,
wilson-esbrand,4.0,0,0.0,0,0,0,0,0.0,0.0,3.9237786938038095,
mubama,4.5,1,0.0,27,0,0,0,0.04,0.0,1.2358333333333331,
alleyne,4.0,0,0.0,0,0,0,0,0.0,0.0,3.9237786938038095,
brits,4.0,0,0.0,0,0,0,0,0.0,0.0,3.9237786938038095,
khusanov,5.0,14,0.5,503,0,0,2,0.02,0.09,8.7475,
vitor reis,4.5,0,0.0,0,0,0,0,0.0,0.0,3.9237786938038095,
guardiola,1.5,36,2.5,0,0,0,0,0.0,0.0,3.9237786938038095,
marmoush,7.3,38,6.5,474,4,1,2,1.16,0.87,46.51,
n.gonzalez,6.0,12,2.0,391,0,0,3,0.22,0.31,28.16847619047619,
echeverri,6.0,0,0.0,0,0,0,0,0.0,0.0,3.9237786938038095,
amad,5.3,107,0.0,1591,6,7,6,4.12,3.42,106.32,
antony,5.7,8,0.0,135,0,0,0,0.6,0.21,12.85,
b.fernandes,8.6,152,13.0,2375,8,11,8,8.57,5.43,138.71,
bayindir,4.3,0,0.0,0,0,0,0,0.0,0.0,3.9237786938038095,
casemiro,4.7,39,1.5,1118,1,0,3,1.29,1.79,42.65,
dalot,5.0,83,6.5,2486,0,3,7,1.88,1.87,71.39,
eriksen,5.2,30,2.5,776,0,1,4,0.19,1.71,31.0,
evans,4.4,14,0.0,288,0,0,1,0.08,0.02,14.605833333333331,
garnacho,5.9,78,6.5,1633,4,3,4,5.81,1.49,79.34,
hannibal,4.5,0,0.0,0,0,0,0,0.0,0.0,3.9237786938038095,
heaton,3.9,0,0.0,0,0,0,0,0.0,0.0,3.9237786938038095,
højlund,6.9,57,4.0,1429,3,1,3,2.78,0.82,69.8,
lindelof,4.3,13,4.0,240,0,0,1,0.0,0.06,10.4875,
maguire,4.9,35,0.0,1354,1,0,2,0.81,0.21,39.0,
mainoo,5.2,32,0.0,1282,0,0,5,0.6,1.22,39.63,
malacia,4.4,2,0.0,99,0,0,0,0.0,0.02,9.35128214840715,
martinez,4.3,68,0.0,1751,2,1,6,1.33,1.21,59.77,
mctominay,4.9,2,0.0,17,0,0,0,0.07,0.0,1.0743333333333331,
mount,6.3,8,0.0,243,0,0,1,0.4,0.08,19.12,
onana,4.9,101,5.0,2610,0,0,8,0.0,0.19,11.7195,
pellistri,5.0,0,0.0,0,0,0,0,0.0,0.0,3.9237786938038095,
shaw,4.9,2,0.0,68,0,0,0,0.0,0.01,44.8585142912643,
zirkzee,6.5,60,1.5,1235,3,2,3,4.31,1.01,64.34,
yoro,4.3,12,0.5,695,0,0,0,0.7,0.07,18.06,
de ligt,4.8,66,4.0,1995,2,0,4,2.33,0.25,57.09,
mazraoui,4.3,72,4.0,2216,0,1,6,0.61,1.56,62.02,
collyer,4.5,6,1.0,174,0,0,0,0.08,0.37,20.03,
wheatley,4.5,0,0.0,0,0,0,0,0.0,0.0,3.9237786938038095,
ugarte,4.9,34,1.5,1321,1,0,3,0.47,0.51,33.73,
heaven,4.0,2,1.0,95,0,0,0,0.0,0.0,3.9237786938038095,
fletcher,4.5,0,0.0,0,0,0,0,0.0,0.0,3.9237786938038095,
amass,4.0,1,0.5,21,0,0,0,0.0,0.0,3.9237786938038095,
fitzgerald,4.5,0,0.0,0,0,0,0,0.0,0.0,3.9237786938038095,
kukonki,4.0,0,0.0,0,0,0,0,0.0,0.0,3.9237786938038095,
amorim,0.8,43,10.0,0,0,0,0,0.0,0.0,3.9237786938038095,
harrison,4.0,0,0.0,0,0,0,0,0.0,0.0,3.9237786938038095,
dorgu,4.5,-1,0.0,222,0,0,0,0.08,0.08,3.92,
obi,4.5,2,0.5,26,0,0,0,0.0,0.01,44.8585142912643,
fredricson,4.0,0,0.0,0,0,0,0,0.0,0.0,3.9237786938038095,
moorhouse,4.5,0,0.0,0,0,0,0,0.0,0.0,3.9237786938038095,
koné,4.5,0,0.0,0,0,0,0,0.0,0.0,3.9237786938038095,
graczyk,4.0,0,0.0,0,0,0,0,0.0,0.0,3.9237786938038095,
dermot mee,4.0,0,0.0,0,0,0,0,0.0,0.0,3.9237786938038095,
a.murphy,4.0,0,0.0,0,0,0,0,0.0,0.0,3.9237786938038095,
almirón,5.4,10,0.0,150,0,0,0,0.52,0.19,12.95,
barnes,5.9,73,6.0,893,5,2,2,2.82,3.1,74.07,
botman,4.4,7,0.0,225,0,0,1,0.03,0.02,11.67426923076923,
bruno g.,6.1,103,11.0,2424,3,6,9,2.84,4.3,94.87,
burn,4.4,73,5.0,2430,0,0,9,1.1,0.79,58.09,
dúbravka,4.2,44,0.0,900,0,0,5,0.0,0.0,3.9237786938038095,
gordon,7.4,113,0.0,2107,6,6,9,8.01,4.5,112.12,
hall,4.8,102,0.0,2188,0,7,8,0.43,3.73,77.03,
hayden,4.4,0,0.0,0,0,0,0,0.0,0.0,3.9237786938038095,
isak,9.3,169,2.0,2053,19,5,8,15.45,3.15,169.98,
j.murphy,5.0,101,3.0,1676,5,8,7,3.94,3.72,102.34,
joelinton,6.0,79,3.0,2005,4,1,8,3.49,1.7,72.76,
kelly,4.2,12,0.0,299,0,1,0,0.41,0.11,15.18,
krafth,4.3,11,0.0,241,0,0,1,0.04,0.03,13.783333333333331,
kuol,4.4,0,0.0,0,0,0,0,0.0,0.0,3.9237786938038095,
lascelles,4.5,0,0.0,0,0,0,0,0.0,0.0,3.9237786938038095,
lewis,4.0,0,0.0,0,0,0,0,0.0,0.0,3.9237786938038095,
livramento,4.5,65,7.0,1935,0,0,6,0.13,0.94,22.118333333333336,
longstaff,4.5,30,1.0,734,0,1,2,0.6,0.22,27.05,
miley,5.0,15,0.0,188,1,0,0,0.57,0.09,21.09,
odysseas,4.2,0,0.0,0,0,0,0,0.0,0.0,3.9237786938038095,
pope,4.9,56,6.0,1620,0,0,4,0.0,0.0,3.9237786938038095,
ruddy,3.9,0,0.0,0,0,0,0,0.0,0.0,3.9237786938038095,
schär,5.4,66,6.0,2052,2,0,7,1.77,0.79,69.37,
targett,3.9,1,0.0,12,0,0,0,0.0,0.0,3.9237786938038095,
tonali,5.5,56,3.0,1725,1,1,7,3.15,1.19,53.74,
trippier,5.6,34,8.0,688,0,0,3,0.05,0.58,26.49,
white,4.5,0,0.0,0,0,0,0,0.0,0.0,3.9237786938038095,
willock,4.7,38,1.0,801,0,2,3,0.87,0.8,56.95,
wilson,6.9,8,1.0,156,0,0,0,0.22,0.01,6.198404761904762,
pivas,4.0,0,0.0,0,0,0,0,0.0,0.0,3.9237786938038095,
osula,4.9,10,0.0,65,0,0,0,0.0,0.02,9.35128214840715,
howe,1.5,29,9.0,0,0,0,0,0.0,0.0,3.9237786938038095,
neave,4.5,0,0.0,0,0,0,0,0.0,0.0,3.9237786938038095,
alex moreno,4.2,31,0.0,812,0,1,3,0.17,0.82,31.86,
aina,5.4,122,3.5,2531,2,1,12,0.58,1.47,90.0,
anderson,5.0,83,4.0,1978,1,6,11,1.35,3.04,75.32,
awoniyi,5.5,27,1.0,263,1,0,0,2.04,0.11,33.05,
boly,4.2,5,0.0,131,0,0,0,0.07,0.0,1.0743333333333331,
bowler,4.5,0,0.0,0,0,0,0,0.0,0.0,3.9237786938038095,
c.miguel,4.1,0,0.0,0,0,0,0,0.0,0.0,3.9237786938038095,
da silva moreira,4.3,2,0.0,28,0,0,0,0.0,0.0,3.9237786938038095,
danilo,4.7,8,0.5,168,0,0,1,0.0,0.01,44.8585142912643,
dennis,4.9,0,0.0,0,0,0,0,0.0,0.0,3.9237786938038095,
dominguez,4.8,36,2.5,1387,0,0,6,1.28,1.0,40.96,
elanga,5.3,118,9.5,1841,5,8,11,3.95,3.72,102.34,
gibbs-white,6.6,118,5.0,2019,5,10,11,4.07,4.14,113.45,
hudson-odoi,5.3,95,6.5,1893,5,3,11,2.21,2.35,88.2,
mighten,4.5,0,0.0,0,0,0,0,0.0,0.0,3.9237786938038095,
murillo,4.7,102,4.5,2478,1,0,11,1.14,1.02,79.56,
n.williams,4.4,84,3.5,1778,1,1,9,1.77,0.7,63.52,
o.richards,4.5,0,0.0,0,0,0,0,0.0,0.0,3.9237786938038095,
o'brien,5.0,0,0.0,0,0,0,0,0.0,0.0,3.9237786938038095,
omobamidele,4.2,0,0.0,0,0,0,0,0.0,0.0,3.9237786938038095,
panzo,4.0,0,0.0,0,0,0,0,0.0,0.0,3.9237786938038095,
sangaré,4.3,11,0.5,270,0,1,1,0.02,0.06,36.3,
sels,5.1,125,4.5,2610,0,1,12,0.0,0.07,73.78333333333333,
toffolo,4.2,3,0.0,45,0,0,0,0.02,0.01,12.368880952380954,
ui-jo,4.5,0,0.0,0,0,0,0,0.0,0.0,3.9237786938038095,
wood,7.3,174,2.0,2343,18,3,14,10.9,1.08,168.72,
worrall,4.5,0,0.0,0,0,0,0,0.0,0.0,3.9237786938038095,
yates,4.8,53,0.5,1537,2,1,5,2.24,0.43,36.41,
milenković,4.9,120,8.5,2520,4,2,12,3.61,0.6,93.32,
jota silva,5.9,42,3.0,708,2,2,1,1.52,1.85,50.56,
sosa,5.5,20,0.0,229,1,0,1,1.04,0.3,46.19,
morato,4.5,34,0.5,616,0,0,3,0.1,0.02,18.933071428571427,
abbott,4.0,0,0.0,0,0,0,0,0.0,0.0,3.9237786938038095,
hennessey,4.0,0,0.0,0,0,0,0,0.0,0.0,3.9237786938038095,
nuno,1.1,43,9.5,0,0,0,0,0.0,0.0,3.9237786938038095,
ramsdale,4.4,57,1.5,1890,0,0,2,0.0,0.03,41.27485119047618,
archer,4.9,46,1.0,1166,2,0,1,4.88,0.54,59.75,
ugochukwu,4.4,26,2.0,1022,0,1,0,0.36,0.43,24.513333333333332,
fraser,4.8,7,0.0,303,0,0,0,0.02,0.1,7.5175,
amo-ameyaw,4.4,1,0.0,26,0,0,0,0.02,0.13,5.45,
aribo,4.9,67,1.5,1821,3,0,1,2.66,1.21,68.13,
armstrong,5.1,45,0.0,1246,2,3,2,3.28,0.56,52.04,
bazunu,4.3,0,0.0,0,0,0,0,0.0,0.0,3.9237786938038095,
bednarek,4.0,47,0.5,1901,2,0,2,0.65,0.78,48.65,
bella-kotchap,3.9,2,1.0,329,0,0,0,0.32,0.01,4.163738095238095,
bree,3.9,15,0.0,886,0,1,0,0.11,0.67,31.32,
charles,4.5,0,0.0,0,0,0,0,0.0,0.0,3.9237786938038095,
edozie,4.9,1,0.0,64,0,0,0,0.0,0.15,3.3445,
edwards,3.9,1,0.0,12,0,0,0,0.0,0.0,3.9237786938038095,
harwood-bellis,4.0,42,1.0,2119,1,0,2,1.72,0.53,39.77,
kamaldeen,5.0,33,2.0,734,1,1,0,0.78,0.41,36.71,
lallana,5.0,17,0.5,352,0,2,0,0.15,0.48,25.37,
larios,3.9,0,0.0,0,0,0,0,0.0,0.0,3.9237786938038095,
lis,4.0,0,0.0,0,0,0,0,0.0,0.0,3.9237786938038095,
lumley,4.0,8,0.0,270,0,0,0,0.0,0.0,3.9237786938038095,
manning,4.3,18,1.0,968,0,1,0,0.29,2.07,39.49,
mara,5.0,0,0.0,0,0,0,0,0.0,0.0,3.9237786938038095,
mccarthy,4.2,12,0.0,450,0,0,0,0.0,0.0,3.9237786938038095,
onuachu,4.9,39,3.5,755,3,1,0,2.84,0.24,42.9,
smallbone,5.0,20,3.5,549,1,0,0,0.39,0.76,28.05,
stephens,4.0,12,0.5,804,0,0,1,0.28,0.2,14.158333333333331,
stewart,4.4,3,0.0,130,0,0,0,0.17,0.02,6.992904761904762,
sugawara,4.2,39,1.0,1432,1,1,2,0.44,2.44,52.97,
taylor,3.9,5,0.0,263,0,0,0,0.0,0.1,4.6875,
walker-peters,4.3,43,1.0,2378,0,2,2,0.49,2.15,45.92,
wood,4.0,13,0.0,622,0,0,1,0.23,0.04,15.07,
cornet,4.7,1,0.0,71,0,0,0,0.16,0.0,5.196666666666667,
downes,4.7,35,0.5,1520,1,0,2,0.62,1.14,59.52,
brereton díaz,4.8,13,0.0,446,0,0,0,0.9,0.15,21.13,
dibling,4.4,56,3.5,1533,2,2,2,2.46,1.32,60.45,
m.fernandes,5.0,61,1.5,2142,1,2,4,3.22,2.64,59.64,
o'brien-whitmarsh,4.5,0,0.0,0,0,0,0,0.0,0.0,3.9237786938038095,
welington,4.0,3,0.0,171,0,0,0,0.01,0.14,7.646,
kayi sanda,4.0,0,0.0,0,0,0,0,0.0,0.0,3.9237786938038095,
grønbæk,4.9,6,1.5,141,0,0,0,0.12,0.01,14.134166666666664,
jurić,0.5,12,1.0,0,0,0,0,0.0,0.0,3.9237786938038095,
solanke,7.3,87,2.0,1778,7,5,3,9.16,1.09,90.26,
a.phillips,4.0,0,0.0,0,0,0,0,0.0,0.0,3.9237786938038095,
austin,4.0,1,0.0,90,0,0,0,0.0,0.0,3.9237786938038095,
bentancur,4.9,41,1.5,1243,2,0,3,1.36,0.82,47.35,
bergvall,4.4,35,2.5,924,0,2,2,0.55,0.63,37.22,
bissouma,4.8,44,0.5,1136,2,0,3,0.57,0.47,40.8,
bryan,5.0,0,0.0,0,0,0,0,0.0,0.0,3.9237786938038095,
davies,4.3,24,0.5,720,0,0,3,0.17,0.21,19.098,
devine,4.5,0,0.0,0,0,0,0,0.0,0.0,3.9237786938038095,
dragusin,4.3,24,0.0,1250,0,0,2,0.13,0.16,21.76,
e.royal,4.5,0,0.0,0,0,0,0,0.0,0.0,3.9237786938038095,
forster,4.3,19,0.0,630,0,0,1,0.0,0.0,3.9237786938038095,
gray,4.6,34,1.0,1245,0,0,2,0.03,0.16,28.38,
højbjerg,5.0,0,0.0,0,0,0,0,0.0,0.0,3.9237786938038095,
johnson,6.2,108,1.0,1759,9,4,2,9.61,1.37,102.6,
kulusevski,6.2,110,0.0,2152,7,4,6,3.92,3.95,108.7,
lo celso,4.9,0,0.0,0,0,0,0,0.0,0.0,3.9237786938038095,
maddison,7.4,118,0.5,1514,9,6,5,5.42,5.46,119.28,
pedro porro,5.3,93,0.5,2277,2,5,6,1.5,3.65,88.67,
reguilón,4.1,1,0.0,121,0,0,0,0.07,0.24,5.78,
richarlison,6.8,20,0.0,275,2,1,1,1.17,0.58,26.07,
romero,4.9,44,4.5,1101,1,0,3,1.06,0.75,53.08,
p.m.sarr,4.7,60,5.0,1386,3,2,2,3.12,0.61,62.87,
scarlett,4.4,6,0.5,31,0,1,0,0.04,0.0,8.48,
solomon,5.4,0,0.0,0,0,0,0,0.0,0.0,3.9237786938038095,
son,9.7,123,3.5,1855,7,10,4,6.66,4.69,122.75,
spence,4.4,42,1.0,1063,1,1,3,0.28,0.94,42.7,
udogie,4.8,43,1.0,1653,0,1,2,0.31,1.14,38.08,
van de ven,4.5,29,0.5,817,0,2,2,0.35,0.69,31.77,
veliz,5.0,0,0.0,0,0,0,0,0.0,0.0,3.9237786938038095,
vicario,4.8,56,2.0,1530,0,0,4,0.0,0.0,3.9237786938038095,
werner,6.2,34,0.0,504,0,3,1,1.04,1.55,44.64,
whiteman,3.9,0,0.0,0,0,0,0,0.0,0.0,3.9237786938038095,
lankshear,4.5,3,0.0,10,0,0,0,0.0,0.0,3.9237786938038095,
moore,4.5,14,0.0,180,0,2,0,0.2,0.55,21.15,
odobert,5.3,13,1.5,348,0,0,1,0.68,0.17,21.54,
olusesi,4.5,0,0.0,0,0,0,0,0.0,0.0,3.9237786938038095,
hardy,4.0,0,0.0,0,0,0,0,0.0,0.0,3.9237786938038095,
williams-barnett,4.5,0,0.0,0,0,0,0,0.0,0.0,3.9237786938038095,
dorrington,4.0,1,0.0,13,0,0,0,0.0,0.0,3.9237786938038095,
king,4.0,0,0.0,0,0,0,0,0.0,0.0,3.9237786938038095,
kinsky,4.2,12,0.0,360,0,0,1,0.0,0.01,44.8585142912643,
yang,4.5,0,0.0,0,0,0,0,0.0,0.0,3.9237786938038095,
ajayi,4.5,0,0.0,0,0,0,0,0.0,0.0,3.9237786938038095,
postecoglou,1.1,40,5.0,0,0,0,0,0.0,0.0,3.9237786938038095,
cassanova,4.0,0,0.0,0,0,0,0,0.0,0.0,3.9237786938038095,
danso,4.5,11,0.5,347,0,0,1,0.33,0.06,11.3,
tel,6.0,10,1.5,304,0,0,2,0.78,0.11,15.99,
ferguson,5.5,25,1.0,326,1,0,1,0.82,0.66,49.52,
wan-bissaka,4.5,88,2.0,2434,2,3,5,1.0,2.04,65.0,
álvarez,5.0,35,1.0,1534,0,1,3,0.31,0.79,34.01833333333334,
antonio,5.3,42,0.0,834,1,4,4,2.2,0.91,67.4,
areola,4.2,45,3.0,1539,0,0,3,0.0,0.0,3.9237786938038095,
bowen,7.6,125,3.5,2187,7,8,6,6.32,4.96,120.77,
coufal,4.1,18,0.0,729,0,0,1,0.27,0.8,25.69583333333333,
cresswell,3.9,26,1.0,538,0,0,2,0.11,1.22,23.41,
earthy,4.5,0,0.0,0,0,0,0,0.0,0.0,3.9237786938038095,
emerson,4.4,61,1.0,1789,2,1,4,1.6,2.11,59.91,
fabianski,4.0,36,0.0,1070,0,0,2,0.0,0.0,3.9237786938038095,
foderingham,4.3,0,0.0,0,0,0,0,0.0,0.0,3.9237786938038095,
ings,4.9,32,0.5,270,1,3,0,2.25,0.06,35.02,
kilman,4.3,66,2.0,2538,0,1,5,1.45,0.86,61.62,
kudus,6.2,74,2.0,1995,3,2,5,5.92,2.05,73.39,
l.guilherme,4.6,7,0.0,50,0,0,0,0.03,0.12,7.57,
l.paquetá,5.7,69,1.5,1803,4,1,4,5.04,2.23,73.27,
mavropanos,4.3,37,1.5,1656,0,0,2,1.26,0.38,37.58,
n.aguerd,4.4,0,0.0,0,0,0,0,0.0,0.0,3.9237786938038095,
souček,4.9,101,6.0,2081,7,2,6,4.77,1.22,97.42,
ward-prowse,6.1,25,2.0,810,0,1,3,0.39,1.45,29.23,
zouma,4.4,0,0.0,0,0,0,0,0.0,0.0,3.9237786938038095,
irving,4.7,9,0.0,161,0,0,0,0.13,0.12,10.733333333333334,
summerville,5.5,33,0.0,776,1,1,2,1.61,1.71,41.2,
g.rodríguez,4.8,29,0.5,1016,0,0,3,0.22,0.12,13.06,
füllkrug,6.7,22,0.0,366,2,1,1,1.38,0.29,27.76,
todibo,4.2,38,1.5,1143,0,0,4,0.15,0.04,26.14,
casey,4.0,1,0.0,1,0,0,0,0.0,0.0,3.9237786938038095,
c.soler,5.0,39,1.0,1088,1,1,2,1.21,1.21,55.68,
scarles,4.0,22,1.0,401,0,0,2,0.11,0.14,16.77,
mayers,4.0,0,0.0,0,0,0,0,0.0,0.0,3.9237786938038095,
orford,4.5,2,0.0,47,0,0,0,0.03,0.04,7.978,
potter,0.5,43,2.0,0,0,0,0,0.0,0.0,3.9237786938038095,
johnstone,4.2,12,0.0,630,0,0,0,0.0,0.0,3.9237786938038095,
aït-nouri,4.8,80,2.0,2384,3,5,4,1.92,1.82,84.72,
b.traore,4.8,0,0.0,0,0,0,0,0.0,0.0,3.9237786938038095,
bellegarde,4.9,74,8.0,1278,2,6,5,1.13,2.44,79.42,
bentley,3.9,0,0.0,0,0,0,0,0.0,0.0,3.9237786938038095,
chiquinho,4.5,1,0.0,6,0,0,0,0.0,0.05,5.780833333333334,
chirewa,4.5,0,0.0,0,0,0,0,0.0,0.0,3.9237786938038095,
chiwome,4.5,0,0.0,0,0,0,0,0.0,0.0,3.9237786938038095,
cundle,4.5,0,0.0,0,0,0,0,0.0,0.0,3.9237786938038095,
cunha,6.9,143,0.0,2143,13,4,5,6.82,4.45,137.6,
dawson,4.3,17,0.0,969,0,1,1,0.5,0.07,20.51,
doherty,4.3,53,2.0,1607,2,1,4,1.09,0.91,52.36,
doyle,4.7,28,1.0,474,0,1,0,0.55,0.35,26.62,
fábio silva,5.0,0,0.0,0,0,0,0,0.0,0.0,3.9237786938038095,
fraser,4.5,0,0.0,0,0,0,0,0.0,0.0,3.9237786938038095,
gonzalez,4.4,0,0.0,0,0,0,0,0.0,0.0,3.9237786938038095,
guedes,5.3,55,1.0,756,2,4,3,2.18,0.62,59.22,
h.bueno,4.5,0,0.0,0,0,0,0,0.0,0.0,3.9237786938038095,
hee chan,6.1,34,0.5,625,2,1,0,0.79,0.35,34.14,
hodge,4.5,0,0.0,0,0,0,0,0.0,0.0,3.9237786938038095,
hoever,4.0,0,0.0,0,0,0,0,0.0,0.0,3.9237786938038095,
j.gomes,4.9,70,2.0,2249,3,1,3,2.37,2.32,69.27,
josé sá,4.4,66,2.5,1980,0,0,5,0.0,0.01,44.8585142912643,
kalajdžić,4.8,0,0.0,0,0,0,0,0.0,0.0,3.9237786938038095,
king,4.0,0,0.0,0,0,0,0,0.0,0.0,3.9237786938038095,
mario jr.,4.8,47,0.0,1363,1,3,1,1.3,0.87,49.19,
mosquera,3.8,3,0.0,441,0,0,0,0.33,0.03,5.8925,
n.semedo,4.5,59,2.0,2148,0,4,5,0.78,1.17,60.61,
pedro lima,3.9,2,0.0,69,0,0,0,0.06,0.1,4.84,
podence,5.5,2,0.0,46,0,0,0,0.04,0.01,7.425166666666666,
r.gomes,5.1,28,0.0,560,1,0,1,0.37,0.64,29.47,
s.bueno,4.3,41,1.0,1520,0,0,4,0.45,0.08,30.83,
sarabia,5.0,26,1.0,557,1,1,1,2.52,0.94,64.72,
strand larsen,5.3,100,7.0,2067,9,2,4,6.43,0.6,94.59,
toti,4.3,53,2.0,1803,0,1,5,0.07,0.52,44.72,
meupiyou,3.9,0,0.0,0,0,0,0,0.0,0.0,3.9237786938038095,
andré,5.0,44,2.0,1747,0,0,4,0.22,0.31,28.16847619047619,
forbs,5.4,8,0.0,235,0,0,0,0.15,0.1,9.353333333333332,
pond,3.9,1,0.0,1,0,0,0,0.0,0.0,3.9237786938038095,
edozie,4.5,0,0.0,0,0,0,0,0.0,0.0,3.9237786938038095,
okoduwa,4.0,0,0.0,0,0,0,0,0.0,0.0,3.9237786938038095,
agbadou,4.0,13,2.0,600,0,0,1,0.03,0.04,7.978,
pereira,0.8,53,6.0,0,0,0,0,0.0,0.0,3.9237786938038095,
djiga,4.5,2,0.5,18,0,0,0,0.0,0.0,3.9237786938038095,
munetsi,5.0,20,5.5,338,1,1,2,1.93,0.03,24.54,
mané,4.5,0,0.0,0,0,0,0,0.0,0.0,3.9237786938038095,
