player,now_cost,total_points,form,minutes,goals_scored,assists,clean_sheets,xG,xA,predicted_points,id,team
Fábio Vieira,5.4,0,0.0,0,0,0,0,0.0,0.0,3.9237786938038095,,
G.Jesus,6.5,42,0.0,600,3,2,2,3.05,0.52,44.28,,
Gabriel,6.4,116,3.5,2348,3,2,10,2.7,1.21,66.19,,
Havertz,7.7,96,0.0,1839,9,3,7,9.39,1.63,102.8,,
Hein,4.0,0,0.0,0,0,0,0,0.0,0.0,3.9237786938038095,,
J.Timber,5.6,101,7.0,2199,1,2,10,0.75,1.19,86.45,,
Jorginho,4.7,16,0.0,540,0,0,2,0.04,0.51,15.63,,
Kiwior,4.8,13,0.0,323,0,0,1,0.0,0.03,41.27485119047618,,
Martinelli,6.5,93,2.0,1562,6,3,8,4.49,3.12,94.69,,
Nwaneri,4.6,46,1.0,595,3,1,2,0.82,1.2,53.73,,
Ødegaard,8.2,76,4.0,1724,2,4,9,3.76,5.19,86.63,,
Raya,5.5,117,4.5,2610,0,0,11,0.0,0.01,44.8585142912643,,
Rice,6.2,89,6.5,2154,2,5,9,1.99,5.01,89.51,,
Saka,10.2,107,0.0,1268,5,11,6,4.17,5.6,110.11,,
Saliba,6.2,114,5.5,2364,2,0,11,2.07,0.88,99.64,,
Thomas,4.9,85,2.0,2185,3,3,7,1.65,2.11,76.85,,
Tierney,4.3,6,1.0,77,0,0,0,0.21,0.28,11.94,,
Tomiyasu,4.8,1,0.0,6,0,0,0,0.18,0.0,2.316666666666667,,
Trossard,6.8,100,2.0,1899,4,6,9,4.66,3.1,94.92,,
White,6.1,29,0.0,703,0,1,3,0.19,0.33,24.65,,
Zinchenko,4.8,19,0.0,292,0,0,2,0.16,0.12,13.985333333333331,,
Neto,4.1,7,0.0,180,0,0,0,0.0,0.0,3.9237786938038095,,
Sterling,6.7,17,0.0,303,0,1,1,1.04,0.37,24.48,,
Calafiori,5.8,37,0.5,921,2,1,1,0.86,0.68,45.99,,
Lewis-Skelly,4.5,22,2.0,762,1,0,4,0.04,0.29,21.06,,
Merino,6.0,68,5.5,1140,5,1,4,3.76,1.01,69.91,,
Oulad M'hand,4.5,0,0.0,0,0,0,0,0.0,0.0,3.9237786938038095,,
Setford,4.5,0,0.0,0,0,0,0,0.0,0.0,3.9237786938038095,,
Kacurri,4.0,0,0.0,0,0,0,0,0.0,0.0,3.9237786938038095,,
Kabia,4.5,0,0.0,0,0,0,0,0.0,0.0,3.9237786938038095,,
Nichols,4.0,0,0.0,0,0,0,0,0.0,0.0,3.9237786938038095,,
Butler-Oyedeji,4.5,0,0.0,0,0,0,0,0.0,0.0,3.9237786938038095,,
Arteta,1.5,48,6.5,0,0,0,0,0.0,0.0,3.9237786938038095,,
Porter,4.0,0,0.0,0,0,0,0,0.0,0.0,3.9237786938038095,,
Bailey,6.2,46,1.0,1131,1,2,2,1.73,2.92,53.54,,
Barkley,5.2,40,0.0,544,3,1,1,1.68,0.41,36.26,,
Barrenechea,4.9,0,0.0,0,0,0,0,0.0,0.0,3.9237786938038095,,
Buendia,5.1,11,0.0,89,0,0,0,0.65,0.03,12.16,,
Cash,4.4,41,0.0,1395,1,1,2,0.23,1.0,41.22,,
Dendoncker,4.5,0,0.0,0,0,0,0,0.0,0.0,3.9237786938038095,,
Diaby,6.5,0,0.0,0,0,0,0,0.0,0.0,3.9237786938038095,,
Diego Carlos,4.5,21,0.0,828,0,0,2,0.64,0.08,21.95,,
Digne,4.5,75,6.0,2059,0,5,4,0.8,3.56,80.21,,
Dobbin,5.0,0,0.0,0,0,0,0,0.0,0.0,3.9237786938038095,,
Duran,5.7,53,0.0,622,7,0,2,5.11,0.24,54.71,,
Gauci,4.0,0,0.0,0,0,0,0,0.0,0.0,3.9237786938038095,,
Hause,3.9,0,0.0,0,0,0,0,0.0,0.0,3.9237786938038095,,
Iling Jr,5.4,0,0.0,0,0,0,0,0.0,0.0,3.9237786938038095,,
Kamara,5.0,30,1.0,1077,0,0,2,0.27,0.31,27.147,,
Kesler-Hayden,4.0,0,0.0,0,0,0,0,0.0,0.0,3.9237786938038095,,
Konsa,4.4,59,7.0,2171,1,0,3,0.65,0.42,50.84,,
Maatsen,4.5,24,0.0,604,0,1,0,0.24,1.7,28.06,,
Marschall,4.0,0,0.0,0,0,0,0,0.0,0.0,3.9237786938038095,,
Martinez,5.0,73,0.0,2430,0,0,3,0.0,0.01,44.8585142912643,,
McGinn,5.2,53,2.0,1775,0,3,4,2.03,2.17,67.02,,
Mings,4.4,31,8.0,780,0,1,2,0.7,0.18,28.7,,
Nedeljkovic,3.9,5,0.0,121,0,0,0,0.0,0.02,9.35128214840715,,
Olsen,4.5,8,7.0,180,0,0,1,0.0,0.0,3.9237786938038095,,
Pau,4.2,32,0.0,1549,0,0,2,0.51,0.34,28.35,,
Ramsey,5.4,52,6.0,1245,1,3,2,1.3,1.81,54.44,,
Rogers,5.5,113,3.0,2337,7,5,5,4.75,3.45,110.05,,
Sinisalo,4.0,0,0.0,0,0,0,0,0.0,0.0,3.9237786938038095,,
Sousa,4.0,0,0.0,0,0,0,0,0.0,0.0,3.9237786938038095,,
Tielemans,5.5,85,3.0,2491,2,4,4,2.61,5.1,85.72,,
Watkins,8.9,147,9.0,2052,13,6,7,13.61,1.56,140.05,,
Disasi,4.2,30,6.0,723,1,0,3,0.36,0.36,28.98,,
Onana,4.8,41,0.0,1078,2,0,2,1.85,0.25,51.6,,
Rashford,6.6,74,1.0,1175,4,4,5,1.89,3.12,77.82,,
Bogarde,4.0,6,0.0,473,0,0,0,0.04,0.13,6.38,,
Swinkels,4.0,0,0.0,0,0,0,0,0.0,0.0,3.9237786938038095,,
Zych,4.0,0,0.0,0,0,0,0,0.0,0.0,3.9237786938038095,,
Young,4.4,0,0.0,0,0,0,0,0.0,0.0,3.9237786938038095,,
Broggio,4.5,0,0.0,0,0,0,0,0.0,0.0,3.9237786938038095,,
Jimoh,4.5,0,0.0,0,0,0,0,0.0,0.0,3.9237786938038095,,
Malen,5.4,7,1.0,168,0,0,0,0.55,0.04,9.83,,
A. Garcia,4.5,6,0.0,266,0,0,0,0.04,0.39,9.98,,
Emery,0.8,36,9.0,0,0,0,0,0.0,0.0,3.9237786938038095,,
M.Asensio,6.1,19,0.0,205,2,0,0,1.43,0.15,34.02,,
Aarons,4.3,8,0.0,84,0,0,1,0.0,0.01,44.8585142912643,,
Adams,4.9,41,2.0,1239,0,3,3,0.87,0.35,37.05,,
Anthony,4.5,0,0.0,0,0,0,0,0.0,0.0,3.9237786938038095,,
Brooks,4.9,43,1.0,722,2,1,2,2.17,1.48,71.93,,
Christie,4.9,75,2.0,2057,2,3,8,2.11,2.75,76.11,,
Cook,5.0,68,2.0,2391,1,3,4,0.62,3.16,71.0,,
Enes Ünal,5.4,32,0.0,330,2,1,2,2.73,0.26,46.18,65.0,3.0
Faivre,5.0,0,0.0,0,0,0,0,0.0,0.0,3.9237786938038095,,
H.Traorè,4.5,0,0.0,0,0,0,0,0.0,0.0,3.9237786938038095,,
Hill,3.9,16,0.5,420,0,1,1,0.29,0.24,16.34,,
Jebbison,4.5,8,0.5,61,0,0,0,0.21,0.12,10.74,,
Kerkez,5.2,105,4.0,2537,2,6,6,0.5,1.96,94.3,,
Kluivert,6.3,147,3.5,1934,12,6,10,9.58,3.13,136.64,,
Mepham,4.4,0,0.0,0,0,0,0,0.0,0.0,3.9237786938038095,,
O.Dango,5.1,99,1.0,1510,7,4,5,7.17,2.63,100.51,,
Paulsen,4.0,0,0.0,0,0,0,0,0.0,0.0,3.9237786938038095,,
Philip,4.8,10,0.0,176,0,0,0,0.55,0.97,19.433333333333334,,
Scott,4.7,15,0.5,371,0,0,1,0.24,0.43,18.526666666666667,,
Semenyo,5.7,111,1.0,2465,7,5,7,8.06,3.91,111.58,,
Senesi,4.6,21,0.0,917,0,0,1,0.81,0.44,48.13,,
Sinisterra,4.8,23,1.0,229,1,1,0,1.18,1.29,38.32,,
Smith,4.4,34,0.0,1032,0,0,3,0.6,0.1,27.3,,
Tavernier,5.4,72,4.0,1500,3,6,3,5.17,2.48,79.9,,
Travers,4.4,19,0.0,450,0,0,1,0.0,0.01,44.8585142912643,,
Zabarnyi,4.4,65,0.5,2364,0,0,6,0.81,0.42,57.22,,
Arrizabalaga,4.6,72,1.0,1980,0,0,5,0.06,0.01,42.955,,
Huijsen,4.5,71,0.5,1690,2,0,5,1.6,1.18,67.18,,
J.Araujo,4.3,8,0.0,352,0,0,0,0.0,0.04,10.62304761904762,,
Dennis,3.9,0,0.0,0,0,0,0,0.0,0.0,3.9237786938038095,,
Evanilson,5.7,89,5.0,1541,6,4,8,7.77,1.42,91.03,,
Kinsey,4.0,0,0.0,0,0,0,0,0.0,0.0,3.9237786938038095,,
Winterburn,4.5,2,0.0,9,0,0,0,0.0,0.0,3.9237786938038095,,
Harris,4.0,0,0.0,0,0,0,0,0.0,0.0,3.9237786938038095,,
Rees-Dottin,4.5,1,0.0,1,0,0,0,0.0,0.0,3.9237786938038095,,
Akinmboni,4.0,0,0.0,0,0,0,0,0.0,0.0,3.9237786938038095,,
Soler,3.9,0,0.0,0,0,0,0,0.0,0.0,3.9237786938038095,,
Adu-Adjei,4.5,0,0.0,0,0,0,0,0.0,0.0,3.9237786938038095,,
Sadi,4.5,0,0.0,0,0,0,0,0.0,0.0,3.9237786938038095,,
McKenna,4.0,0,0.0,0,0,0,0,0.0,0.0,3.9237786938038095,,
Silcott-Duberry,4.5,1,0.0,1,0,0,0,0.0,0.0,3.9237786938038095,,
Iraola,1.1,29,3.0,0,0,0,0,0.0,0.0,3.9237786938038095,,
Ajer,4.4,28,1.5,1206,0,0,2,0.72,0.44,32.98,,
Brierley,4.4,0,0.0,0,0,0,0,0.0,0.0,3.9237786938038095,,
Collins,4.5,90,1.5,2610,2,5,5,2.28,1.21,84.32,,
Damsgaard,5.1,108,2.0,2217,2,9,8,2.42,5.36,99.8,,
Dasilva,4.8,0,0.0,0,0,0,0,0.0,0.0,3.9237786938038095,,
Flekken,4.4,96,3.0,2465,0,1,4,0.0,0.09,72.8,,
Henry,4.3,1,0.0,3,0,0,0,0.0,0.0,3.9237786938038095,,
Hickey,4.3,0,0.0,0,0,0,0,0.0,0.0,3.9237786938038095,,
Janelt,4.9,68,1.0,2098,1,3,6,0.83,2.3,68.82,,
Jensen,5.3,28,0.5,728,0,1,2,0.23,1.17,29.26,,
Ji-soo,3.9,3,0.5,28,0,0,0,0.0,0.0,3.9237786938038095,,
Konak,4.4,7,0.5,27,0,0,0,0.15,0.0,5.236666666666667,,
Lewis-Potter,5.0,75,2.0,2367,1,4,6,2.38,3.96,76.5,,
Mbeumo,8.1,179,4.0,2605,15,6,6,9.23,6.88,176.54,,
Mee,4.2,9,0.5,180,0,0,1,0.0,0.02,9.35128214840715,,
Nørgaard,4.8,73,6.0,2010,4,2,3,3.01,0.81,72.23,,
Onyeka,4.9,2,0.0,23,0,0,0,0.0,0.02,9.35128214840715,,
Peart-Harris,4.5,0,0.0,0,0,0,0,0.0,0.0,3.9237786938038095,,
Pinnock,4.4,46,2.0,1830,2,0,2,0.87,0.64,46.07,,
Roerslev,4.3,36,0.0,1100,0,2,2,0.2,2.09,43.66,,
Schade,5.1,104,2.0,1562,7,4,7,5.76,1.16,99.47,,
Thiago,5.9,5,0.0,129,0,0,0,0.1,0.02,18.933071428571427,,
Toney,7.3,0,0.0,0,0,0,0,0.0,0.0,3.9237786938038095,,
Valdimarsson,3.9,2,0.0,144,0,0,0,0.0,0.0,3.9237786938038095,,
Wissa,6.6,132,5.0,2111,13,3,6,13.51,1.46,132.29,,
Yarmoliuk,4.4,26,0.5,781,0,0,0,0.62,0.4,28.83,,
Zanka,4.5,0,0.0,0,0,0,0,0.0,0.0,3.9237786938038095,,
Carvalho,4.5,35,0.0,443,2,1,0,2.49,0.54,42.3,,
Van den Berg,4.1,38,0.5,1774,0,1,2,0.8,0.44,37.21,,
Trevitt,4.4,1,0.0,3,0,0,0,0.0,0.0,3.9237786938038095,,
G.Nunes,4.9,0,0.0,0,0,0,0,0.0,0.0,3.9237786938038095,,
Meghoma,4.0,1,0.0,4,0,0,0,0.0,0.0,3.9237786938038095,,
Yogane,4.5,0,0.0,0,0,0,0,0.0,0.0,3.9237786938038095,,
Maghoma,4.5,7,0.0,105,0,0,0,0.12,0.04,11.7,,
Arthur,4.0,0,0.0,0,0,0,0,0.0,0.0,3.9237786938038095,,
Frank,0.8,41,4.0,0,0,0,0,0.0,0.0,3.9237786938038095,,
Kayode,4.5,4,0.0,30,0,0,0,0.0,0.07,8.0525,,
Eyestone,4.0,0,0.0,0,0,0,0,0.0,0.0,3.9237786938038095,,
Morgan,4.5,0,0.0,0,0,0,0,0.0,0.0,3.9237786938038095,,
Benjamin Fredrick,4.0,0,0.0,0,0,0,0,0.0,0.0,3.9237786938038095,786.0,4.0
Adingra,5.1,39,1.0,613,2,1,1,1.47,1.6,46.95,,
Baker-Boaitey,4.5,0,0.0,0,0,0,0,0.0,0.0,3.9237786938038095,,
Baleba,5.0,61,1.5,1948,2,1,7,2.93,1.03,63.4,,
Barco,4.0,0,0.0,0,0,0,0,0.0,0.0,3.9237786938038095,,
Cozier-Duberry,4.5,0,0.0,0,0,0,0,0.0,0.0,3.9237786938038095,,
Dahoud,4.9,0,0.0,0,0,0,0,0.0,0.0,3.9237786938038095,,
Dunk,4.2,38,0.0,1560,0,1,4,0.69,0.64,38.78,,
Estupiñan,4.9,51,4.5,1689,1,1,2,0.56,1.72,53.81,,
Gilmour,5.0,3,0.0,97,0,0,0,0.08,0.04,5.349333333333333,,
Gross,6.5,0,0.0,0,0,0,0,0.0,0.0,3.9237786938038095,,
Hinshelwood,4.9,50,3.5,1252,2,1,5,1.35,1.24,53.89,,
I.Osman,5.0,0,0.0,0,0,0,0,0.0,0.0,3.9237786938038095,,
Igor,4.3,17,0.0,900,0,0,1,0.05,0.23,14.08,,
João Pedro,5.6,111,5.0,1698,8,6,6,7.11,2.61,109.03,,
Kozlowski,4.5,0,0.0,0,0,0,0,0.0,0.0,3.9237786938038095,,
Lamptey,4.4,40,0.0,762,2,2,2,0.38,0.53,31.6,,
March,6.5,3,0.5,37,0,0,0,0.07,0.02,10.10198717948718,,
Mazilu,4.5,0,0.0,0,0,0,0,0.0,0.0,3.9237786938038095,,
Milner,5.0,5,0.0,169,0,0,1,0.16,0.15,7.975333333333335,,
Minteh,5.1,76,2.0,1257,5,4,3,3.31,3.61,81.37,,
Mitoma,6.5,118,1.5,2312,7,4,6,7.28,3.66,113.6,,
Moder,4.4,4,0.0,9,0,0,0,0.0,0.53,9.68,,
O’Mahony,4.5,0,0.0,0,0,0,0,0.0,0.0,3.9237786938038095,,
Offiah,4.0,0,0.0,0,0,0,0,0.0,0.0,3.9237786938038095,,
Peupion,4.4,0,0.0,0,0,0,0,0.0,0.0,3.9237786938038095,,
Sarmiento,4.9,1,0.0,8,0,0,0,0.0,0.0,3.9237786938038095,,
Steele,4.1,9,0.0,180,0,0,1,0.0,0.0,3.9237786938038095,,
Undav,5.5,0,0.0,0,0,0,0,0.0,0.0,3.9237786938038095,,
Van Hecke,4.5,77,5.0,2330,1,1,6,1.22,1.12,59.48,,
Veltman,4.3,58,0.0,1642,0,0,6,0.47,1.29,43.66333333333333,,
Verbruggen,4.5,82,1.0,2430,0,1,6,0.0,0.01,80.26986111111113,,
Webster,4.3,26,1.5,615,0,0,3,0.02,0.21,19.25,,
Welbeck,5.5,92,1.0,1482,7,4,6,6.66,1.11,93.08,,
Wieffer,4.7,30,0.5,483,1,2,1,0.5,0.22,30.7,,
Gruda,5.4,19,0.5,380,0,1,1,0.27,0.53,21.42,,
Ayari,5.0,47,3.0,1437,0,1,6,1.54,2.05,49.82,,
Moran,5.0,0,0.0,0,0,0,0,0.0,0.0,3.9237786938038095,,
Rushworth,3.9,0,0.0,0,0,0,0,0.0,0.0,3.9237786938038095,,
Georginio,5.1,95,3.5,1651,5,6,6,4.57,1.67,94.49,,
F.Kadıoğlu,4.4,19,0.0,385,1,0,2,0.44,0.31,21.542,,
O'Riley,5.5,25,0.0,468,1,1,2,1.15,1.24,58.28,,
Samuels,4.0,0,0.0,0,0,0,0,0.0,0.0,3.9237786938038095,,
Cahill,3.9,0,0.0,0,0,0,0,0.0,0.0,3.9237786938038095,,
McConville,4.0,0,0.0,0,0,0,0,0.0,0.0,3.9237786938038095,,
Slater,4.0,0,0.0,0,0,0,0,0.0,0.0,3.9237786938038095,,
Gómez,5.5,9,1.5,251,0,0,0,0.32,0.72,25.909166666666664,,
Hürzeler,1.1,54,6.5,0,0,0,0,0.0,0.0,3.9237786938038095,,
Knight,4.5,0,0.0,0,0,0,0,0.0,0.0,3.9237786938038095,,
Cashin,4.5,0,0.0,0,0,0,0,0.0,0.0,3.9237786938038095,,
Andrey Santos,4.5,0,0.0,0,0,0,0,0.0,0.0,3.9237786938038095,,
Ângelo,4.5,0,0.0,0,0,0,0,0.0,0.0,3.9237786938038095,,
B.Badiashile,4.2,7,1.0,332,0,0,0,0.0,0.08,5.8125,,
Bergström,3.9,0,0.0,0,0,0,0,0.0,0.0,3.9237786938038095,,
Bettinelli,3.9,0,0.0,0,0,0,0,0.0,0.0,3.9237786938038095,,
Caicedo,4.9,73,3.0,2541,1,3,7,0.63,2.38,71.12,,
Casadei,4.4,0,0.0,0,0,0,0,0.0,0.0,3.9237786938038095,,
Chalobah,4.4,67,0.5,1355,3,1,3,1.42,0.56,35.92,,
Chukwuemeka,4.7,0,0.0,0,0,0,0,0.0,0.0,3.9237786938038095,,
Colwill,4.4,72,3.5,2430,1,1,6,0.74,1.19,68.75,,
Cucurella,5.2,93,8.5,2255,4,2,5,2.13,1.98,77.79,,
D.D.Fofana,5.4,0,0.0,0,0,0,0,0.0,0.0,3.9237786938038095,,
Deivid,4.9,0,0.0,0,0,0,0,0.0,0.0,3.9237786938038095,,
Dewsbury-Hall,5.5,14,0.5,193,0,1,0,0.22,0.2,14.73,,
Enzo,4.7,93,4.0,2136,4,6,5,4.5,4.96,96.44,,
Gallagher,5.9,0,0.0,0,0,0,0,0.0,0.0,3.9237786938038095,,
Gilchrist,4.0,0,0.0,0,0,0,0,0.0,0.0,3.9237786938038095,,
Gusto,4.9,41,0.5,1545,0,1,2,1.33,1.44,43.54,,
James,4.8,24,1.0,678,1,1,0,0.19,0.6,27.07,,
Kellyman,4.3,0,0.0,0,0,0,0,0.0,0.0,3.9237786938038095,,
Lavia,4.5,16,0.5,538,0,1,1,0.18,0.31,19.47,,
Lukaku,6.3,0,0.0,0,0,0,0,0.0,0.0,3.9237786938038095,,
M.Sarr,4.5,0,0.0,0,0,0,0,0.0,0.0,3.9237786938038095,,
Madueke,6.0,100,0.0,1449,7,4,3,7.58,2.23,101.15,,
Marc Guiu,4.7,3,0.0,71,0,0,0,0.0,0.02,9.35128214840715,,
Mudryk,6.1,7,0.0,145,0,0,0,0.24,0.66,11.78,,
N.Jackson,7.7,108,0.0,1735,9,6,8,10.71,1.65,113.0,,
Nkunku,5.7,58,2.5,856,3,2,2,4.95,0.98,64.95,,
Palmer,10.8,181,0.5,2442,14,8,6,14.76,7.55,182.7,,
Petrović,4.4,0,0.0,0,0,0,0,0.0,0.0,3.9237786938038095,,
Renato Veiga,4.4,7,0.0,176,0,0,1,0.16,0.15,7.975333333333335,,
Sánchez,4.5,86,6.0,2070,0,0,5,0.0,0.01,44.8585142912643,,
Tosin,4.2,50,4.0,1086,1,1,4,0.85,0.17,44.62,,
W.Fofana,4.3,26,3.5,1172,0,0,2,0.44,0.18,24.96,,
Sancho,6.2,68,2.5,1424,2,5,4,1.56,2.79,73.8,,
Neto,6.3,69,2.0,1524,3,4,4,2.04,3.03,74.95,,
Wiley,4.0,0,0.0,0,0,0,0,0.0,0.0,3.9237786938038095,,
Jørgensen,4.2,18,0.0,540,0,0,1,0.0,0.0,3.9237786938038095,,
João Félix,5.9,24,0.0,362,1,2,1,2.3,0.45,33.59,,
Rak-Sakyi,4.5,0,0.0,0,0,0,0,0.0,0.0,3.9237786938038095,,
George,4.5,7,1.0,84,0,1,0,0.13,0.26,9.44,,
Acheampong,4.0,4,0.0,168,0,0,0,0.22,0.01,6.198404761904762,,
Maresca,1.5,31,4.5,0,0,0,0,0.0,0.0,3.9237786938038095,,
Amougou,4.5,1,0.0,7,0,0,0,0.0,0.0,3.9237786938038095,,
Anselmino,4.0,0,0.0,0,0,0,0,0.0,0.0,3.9237786938038095,,
Mheuka,4.5,1,0.0,1,0,0,0,0.06,0.0,0.9825,,
Samuels-Smith,4.0,0,0.0,0,0,0,0,0.0,0.0,3.9237786938038095,,
Genesis Antwi,4.0,0,0.0,0,0,0,0,0.0,0.0,3.9237786938038095,787.0,6.0
Nketiah,5.9,35,2.0,698,1,2,2,3.45,0.8,53.88,,
Chilwell,4.6,2,0.0,49,0,0,0,0.05,0.26,6.12,,
Ahamada,4.5,0,0.0,0,0,0,0,0.0,0.0,3.9237786938038095,,
C.Doucouré,4.8,19,0.0,443,0,1,1,0.4,0.11,17.91,,
C.Richards,4.4,53,6.0,1336,0,1,6,0.47,0.1,22.78,,
Chadi Riad,4.3,1,0.0,90,0,0,0,0.0,0.02,9.35128214840715,,
Clyne,4.3,16,0.0,392,0,0,1,0.01,0.13,12.496,,
Ebiowei,4.5,0,0.0,0,0,0,0,0.0,0.0,3.9237786938038095,,
Eze,6.7,86,3.0,1925,2,6,8,6.03,3.29,84.94,,
Guéhi,4.7,101,5.0,2430,3,2,9,1.5,1.18,60.35,,
Henderson,4.6,106,10.0,2520,0,0,9,0.01,0.02,71.24841208791209,,
Holding,4.2,0,0.0,0,0,0,0,0.0,0.0,3.9237786938038095,,
Hughes,4.9,53,0.0,1636,0,4,7,0.88,2.1,55.9,,
Kamada,5.1,32,1.0,972,0,0,3,0.84,1.01,34.41,,
Lerma,4.8,38,3.0,1538,0,0,5,0.94,1.33,40.9,,
Mateta,7.5,123,0.0,2129,12,2,7,11.44,2.13,129.49,,
M.França,4.4,0,0.0,0,0,0,0,0.0,0.0,3.9237786938038095,,
Matthews,3.9,0,0.0,0,0,0,0,0.0,0.0,3.9237786938038095,,
Mitchell,4.8,97,6.0,2399,0,4,10,1.23,3.25,84.52,,
Muñoz,5.1,112,6.0,2344,3,5,9,4.11,2.36,98.02,,
Ozoh,4.5,0,0.0,0,0,0,0,0.0,0.0,3.9237786938038095,,
Rak-Sakyi,4.5,0,0.0,0,0,0,0,0.0,0.0,3.9237786938038095,,
Schlupp,4.6,12,0.0,95,0,0,0,0.17,0.14,12.613333333333337,,
Ward,4.3,0,0.0,0,0,0,0,0.0,0.0,3.9237786938038095,,
Wharton,4.7,22,2.0,840,0,0,2,0.25,1.4,22.29,,
Turner,3.9,0,0.0,0,0,0,0,0.0,0.0,3.9237786938038095,,
I.Sarr,5.6,113,11.0,1927,7,4,8,7.85,4.88,114.01,,
Umeh-Chibueze,4.4,0,0.0,0,0,0,0,0.0,0.0,3.9237786938038095,,
Devenny,4.5,22,1.0,311,1,0,0,0.49,0.31,22.38,,
Agbinone,4.5,2,0.0,4,0,0,0,0.02,0.01,12.368880952380954,,
Rodney,4.5,0,0.0,0,0,0,0,0.0,0.0,3.9237786938038095,,
Lacroix,4.5,93,6.0,2245,1,2,9,2.61,0.54,73.32,,
Kporha,4.0,2,0.0,11,0,0,0,0.0,0.02,9.35128214840715,,
Marsh,4.5,0,0.0,0,0,0,0,0.0,0.0,3.9237786938038095,,
Esse,4.7,9,1.0,8,1,0,0,0.32,0.0,2.1366666666666667,,
Glasner,0.8,61,9.0,0,0,0,0,0.0,0.0,3.9237786938038095,,
Broja,5.3,6,0.5,166,0,0,0,0.11,0.09,7.803333333333334,,
A.Doucoure,5.1,67,2.0,1980,2,1,9,3.2,1.08,66.17,,
Beto,5.1,62,2.0,920,6,0,2,5.35,0.17,51.35,,
Branthwaite,4.8,67,2.0,1806,0,1,7,0.75,0.25,54.14,,
Calvert-Lewin,5.4,59,0.0,1571,3,2,8,6.05,0.63,71.57,,
Coleman,4.3,3,0.0,196,0,0,0,0.62,0.01,5.52,,
Gana,4.8,70,4.5,2266,0,3,8,1.05,1.71,61.88,,
Garner,4.9,24,2.0,858,0,1,2,0.14,0.97,32.1,,
Harrison,5.2,58,6.0,1498,1,2,4,3.07,2.32,60.12,,
Holgate,4.0,1,0.0,5,0,0,0,0.0,0.0,3.9237786938038095,,
Iroegbunam,4.3,17,0.5,468,0,1,0,0.23,0.14,16.558,,
J.Virginia,3.9,0,0.0,0,0,0,0,0.0,0.0,3.9237786938038095,,
Keane,3.8,33,0.0,812,2,0,2,0.43,0.02,28.496,,
Maupay,4.9,0,0.0,0,0,0,0,0.0,0.0,3.9237786938038095,,
McNeil,5.1,65,0.0,1140,3,5,4,0.87,3.96,87.42,,
Mykolenko,4.4,85,2.0,2362,0,2,8,0.39,1.61,63.79,,
Ndiaye,5.2,81,0.0,1874,6,0,11,3.58,1.03,79.82,,
Patterson,4.4,7,0.0,124,0,0,0,0.07,0.3,12.543333333333337,,
Pickford,5.1,116,2.5,2610,0,1,9,0.0,0.18,90.34,,
Tarkowski,4.9,95,2.0,2601,1,1,9,1.14,1.96,56.37,,
Y. Chermiti,4.9,0,0.0,11,0,0,0,0.07,0.0,1.0743333333333331,,
Young,4.4,80,0.5,1551,1,4,7,0.27,1.82,72.14,,
Alcaraz,4.9,19,1.0,323,1,1,0,0.97,0.35,35.71,,
Lindstrøm,5.0,44,3.0,1229,0,1,6,2.15,1.96,52.27,,
O'Brien,4.5,40,6.0,848,2,0,2,0.56,0.26,35.39,,
Armstrong,4.4,2,0.0,47,0,0,0,0.37,0.0,1.836666666666667,,
Metcalfe,4.5,0,0.0,0,0,0,0,0.0,0.0,3.9237786938038095,,
Begovic,4.0,0,0.0,0,0,0,0,0.0,0.0,3.9237786938038095,,
Dixon,4.0,0,0.0,90,0,0,0,0.0,0.0,3.9237786938038095,,
Mangala,5.0,39,0.0,1257,1,0,5,1.13,0.59,40.51,,
Bates,4.5,0,0.0,0,0,0,0,0.0,0.0,3.9237786938038095,,
Sherif,4.5,0,0.0,0,0,0,0,0.0,0.0,3.9237786938038095,,
Moyes,0.5,66,4.0,0,0,0,0,0.0,0.0,3.9237786938038095,,
Heath,4.5,0,0.0,0,0,0,0,0.0,0.0,3.9237786938038095,,
Coby Ebere,4.5,0,0.0,0,0,0,0,0.0,0.0,3.9237786938038095,775.0,8.0
Nelson,5.0,27,0.0,483,1,1,1,1.07,0.96,41.24,,
Smith Rowe,5.1,95,2.5,1722,5,2,7,4.04,1.68,83.33,,
Andersen,4.2,41,3.0,1863,0,0,4,0.45,0.38,27.06,,
Adama,4.6,73,0.5,1396,2,5,3,3.68,3.96,80.03,,
Andreas,4.9,70,4.0,1570,2,6,5,3.33,3.47,75.26,,
Bassey,4.5,67,3.5,2444,1,0,5,0.99,0.27,57.93,,
Benda,3.9,0,0.0,0,0,0,0,0.0,0.0,3.9237786938038095,,
Cairney,4.8,22,0.5,424,1,0,1,0.15,0.92,28.601666666666667,,
Castagne,4.2,41,3.5,1337,0,1,3,0.38,0.47,25.80333333333333,,
Diop,4.4,30,0.5,1258,0,0,1,0.51,0.06,13.97,,
Harris,4.5,0,0.0,0,0,0,0,0.0,0.0,3.9237786938038095,,
Iwobi,5.6,120,4.0,2360,7,4,6,3.51,5.36,103.76,,
Leno,5.0,94,7.0,2610,0,2,5,0.0,0.02,85.58479166666667,,
Lukić,4.8,42,0.0,1742,0,2,3,0.82,1.13,52.44,,
Mbabu,4.0,0,0.0,0,0,0,0,0.0,0.0,3.9237786938038095,,
Muniz,5.5,73,4.0,799,6,1,2,4.81,0.19,52.59,,
Raúl,5.5,118,5.0,1830,10,3,7,10.31,1.75,114.88,,
Ream,4.5,0,0.0,0,0,0,0,0.0,0.0,3.9237786938038095,,
Reed,4.7,8,0.5,71,0,0,0,0.14,0.09,8.82,,
Robinson,5.0,98,3.5,2538,0,10,5,0.7,3.4,91.62,,
Stansfield,5.0,1,0.0,1,0,0,0,0.0,0.0,3.9237786938038095,,
Tete,4.4,37,0.0,1262,0,2,2,1.02,0.44,33.56,,
Vinicius,5.0,1,0.0,3,0,0,0,0.06,0.0,0.9825,,
Wilson,5.2,63,0.0,829,5,2,2,3.29,0.94,68.19,,
Sessegnon,4.1,20,4.0,92,2,0,0,0.54,0.35,25.43,,
J.Cuenca,4.4,6,0.0,168,0,0,0,0.0,0.0,3.9237786938038095,,
King,4.4,7,0.0,78,0,0,1,0.2,0.65,11.806666666666668,,
Godo,4.4,1,0.0,14,0,0,0,0.0,0.0,3.9237786938038095,,
Berge,5.0,41,2.5,1643,0,0,4,0.16,0.43,19.67,,
Amissah,4.0,0,0.0,0,0,0,0,0.0,0.0,3.9237786938038095,,
Silva,1.1,55,5.5,0,0,0,0,0.0,0.0,3.9237786938038095,,
Willian,5.0,7,2.0,128,0,0,1,0.13,0.21,12.66,,
Enciso,5.4,24,2.0,554,0,1,2,1.63,0.59,32.59,,
Al-Hamadi,4.7,8,0.0,125,0,0,0,0.35,0.04,11.7,,
Baggott,4.0,0,0.0,0,0,0,0,0.0,0.0,3.9237786938038095,,
Broadhead,4.9,17,1.0,445,0,0,1,1.11,1.01,32.38,,
Burgess,3.8,15,0.5,945,0,1,0,0.72,0.24,27.45,,
Burns,4.8,30,0.0,922,0,1,1,0.5,1.17,34.56,,
Chaplin,5.1,33,0.0,605,1,2,1,1.18,0.54,41.3,,
H.Clarke,4.0,1,0.0,377,0,0,0,0.08,0.1,2.52,,
Davis,4.3,51,1.0,2461,1,2,2,0.89,4.18,74.46,,
Delap,5.6,108,2.0,2172,10,2,3,8.32,1.32,105.93,,
Edmundson,4.0,1,0.0,1,0,0,0,0.0,0.0,3.9237786938038095,,
Greaves,3.9,32,0.5,1665,1,0,2,1.24,0.15,32.56,,
Harness,4.9,2,0.0,43,0,0,0,0.0,0.05,5.780833333333334,,
Hirst,5.4,30,3.0,258,2,1,0,1.09,0.11,30.35,,
Humphreys,4.5,0,0.0,0,0,0,0,0.0,0.0,3.9237786938038095,,
Hutchinson,5.2,77,1.5,2225,3,2,3,2.34,1.64,74.82,,
Johnson,3.9,17,0.5,945,0,1,0,0.68,0.41,22.85,,
Ladapo,4.5,0,0.0,0,0,0,0,0.0,0.0,3.9237786938038095,,
Luongo,4.4,9,0.0,179,0,0,0,0.0,0.01,44.8585142912643,,
Morsy,4.8,51,0.0,1977,1,1,2,0.31,1.03,48.8,,
Ndaba,4.0,0,0.0,0,0,0,0,0.0,0.0,3.9237786938038095,,
Slicker,3.9,0,0.0,0,0,0,0,0.0,0.0,3.9237786938038095,,
Taylor,4.8,27,1.0,478,1,0,0,0.57,0.73,43.02,,
Tuanzebe,3.9,19,0.0,1095,0,1,1,0.21,0.11,17.21,,
Walton,4.3,14,0.0,540,0,0,1,0.0,0.0,3.9237786938038095,,
Woolfenden,3.9,16,1.0,1007,0,0,1,0.03,0.02,11.67426923076923,,
Phillips,4.8,25,1.0,1201,0,0,1,0.44,0.46,25.4775,,
Muric,4.4,49,0.0,1620,0,0,1,0.0,0.01,44.8585142912643,,
Jaden,5.3,35,2.5,782,2,0,2,2.35,0.34,41.14,,
Townsend,3.9,4,0.0,136,0,0,0,0.0,0.15,3.3445,,
Szmodics,5.7,53,0.0,976,4,0,2,3.44,0.44,49.93,,
Cajuste,4.5,46,5.5,1435,1,0,1,0.33,0.38,38.85,,
O'Shea,3.9,36,2.5,2312,0,1,2,0.84,0.27,39.21,,
J.Clarke,5.4,43,3.5,855,0,4,1,0.94,0.94,46.53,,
Ogbene,4.8,7,0.0,237,0,0,0,0.0,0.05,5.780833333333334,,
Godfrey,4.0,-1,0.0,108,0,0,0,0.0,0.02,9.35128214840715,,
McKenna,0.5,16,1.0,0,0,0,0,0.0,0.0,3.9237786938038095,,
Palmer,4.5,9,1.5,450,0,0,0,0.0,0.0,3.9237786938038095,,
Buonanotte,4.6,63,1.0,1312,4,2,2,3.61,2.01,72.55,,
J.Ayew,5.1,58,0.5,1312,4,0,2,3.35,1.22,63.57,,
Edouard,5.1,7,0.0,141,0,0,0,0.39,0.07,11.08,,
B.Soumaré,4.4,32,2.0,1559,0,0,0,0.27,0.8,25.69583333333333,,
Cannon,4.5,0,0.0,0,0,0,0,0.0,0.0,3.9237786938038095,,
Choudhury,4.4,4,0.0,129,0,0,0,0.0,0.19,11.7195,,
Coady,4.0,12,1.5,902,0,0,0,0.0,0.47,13.27,,
Daka,4.8,25,2.0,450,1,0,0,0.78,0.04,23.88,,
De Cordova-Reid,5.2,43,0.5,628,1,4,0,0.75,0.14,45.09,,
Faes,3.9,35,1.5,2092,1,0,1,1.16,0.38,37.46,,
Golding,4.4,0,0.0,0,0,0,0,0.0,0.0,3.9237786938038095,,
Hermansen,4.4,54,5.5,1935,0,0,1,0.0,0.02,9.35128214840715,,
Iversen,3.9,0,0.0,0,0,0,0,0.0,0.0,3.9237786938038095,,
Justin,4.1,48,1.5,2274,2,1,1,1.45,0.61,48.01,,
Kristiansen,4.4,32,1.5,2276,0,1,1,0.13,1.67,29.52,,
Marcal,4.5,0,0.0,0,0,0,0,0.0,0.0,3.9237786938038095,,
Mavididi,5.0,60,1.0,1387,3,1,1,1.59,3.14,62.89,,
McAteer,4.7,19,0.5,388,0,1,1,0.55,0.22,20.28,,
Ndidi,4.9,46,1.5,1646,0,4,1,1.74,1.23,53.2,,
Okoli,4.0,19,0.0,1001,0,0,1,0.14,0.13,15.76,,
Ricardo,4.1,3,0.5,152,0,0,0,0.04,0.04,3.33,,
Souttar,4.0,0,0.0,0,0,0,0,0.0,0.0,3.9237786938038095,,
Stolarczyk,4.0,10,0.0,540,0,0,0,0.0,0.0,3.9237786938038095,,
Thomas,3.9,5,1.5,362,0,0,0,0.04,0.08,5.305,,
Vardy,5.3,100,2.0,2226,7,4,1,9.3,2.44,101.19,,
Vestergaard,3.9,11,0.0,1390,0,0,0,0.11,0.08,10.333333333333336,,
Ward,3.9,2,0.0,135,0,0,0,0.0,0.0,3.9237786938038095,,
Winks,4.4,40,1.0,1536,0,2,0,0.23,1.53,38.9,,
Skipp,4.7,19,0.0,770,0,0,1,0.13,0.28,15.6,,
A.Fatawu,5.1,26,0.0,576,0,2,0,0.41,1.42,32.6,,
Alves,4.4,1,0.0,1,0,0,0,0.0,0.0,3.9237786938038095,,
Nelson,4.0,0,0.0,0,0,0,0,0.0,0.0,3.9237786938038095,,
El Khannouss,4.8,57,1.5,1522,2,1,1,0.68,1.71,71.1,,
Cartwright,4.5,0,0.0,0,0,0,0,0.0,0.0,3.9237786938038095,,
Wilson-Brown,4.0,0,0.0,0,0,0,0,0.0,0.0,3.9237786938038095,,
Coulibaly,4.0,1,0.0,107,0,0,0,0.04,0.04,3.33,,
Van Nistelrooy,0.5,8,0.0,0,0,0,0,0.0,0.0,3.9237786938038095,,
A.Becker,5.6,90,3.0,1878,0,0,9,0.0,0.2,12.5275,,
Alexander-Arnold,7.3,135,2.0,2144,2,6,12,1.52,6.55,120.63,,
Bajcetic,4.5,0,0.0,0,0,0,0,0.0,0.0,3.9237786938038095,,
Bradley,4.7,16,0.0,364,0,0,1,0.49,0.26,16.23,,
Clark,4.5,0,0.0,0,0,0,0,0.0,0.0,3.9237786938038095,,
Darwin,7.0,60,10.0,957,5,3,2,4.88,0.38,60.42,,
Diogo J.,7.2,72,1.0,835,5,4,6,6.16,1.06,84.1,,
Doak,4.5,0,0.0,0,0,0,0,0.0,0.0,3.9237786938038095,,
Elliott,5.2,14,1.0,121,0,1,0,0.2,0.38,17.4,,
Endo,4.6,14,1.0,137,0,0,0,0.0,0.04,10.62304761904762,,
Gakpo,7.4,96,0.0,1400,8,4,5,5.92,2.72,104.98,,
Gomez,4.7,14,0.0,517,0,0,1,0.33,0.09,13.98,,
Gravenberch,5.0,71,2.0,2471,0,2,12,0.86,3.05,62.68,,
Jones,5.3,70,1.0,1159,3,5,4,4.0,0.87,77.82,,
Kelleher,4.0,37,0.0,720,0,0,3,0.0,0.0,3.9237786938038095,,
Konaté,5.2,82,2.0,1894,1,2,9,1.09,0.8,68.16,,
Luis Díaz,7.5,138,6.0,1845,9,6,13,7.48,3.25,111.62,327.0,12.0
M.Salah,13.7,306,15.0,2570,27,17,12,21.45,6.94,272.57,,
Mac Allister,6.2,87,1.0,2110,3,4,12,2.4,3.83,84.49,,
McConnell,4.4,0,0.0,0,0,0,0,0.0,0.0,3.9237786938038095,,
Morton,4.4,0,0.0,0,0,0,0,0.0,0.0,3.9237786938038095,,
N.Phillips,4.0,0,0.0,0,0,0,0,0.0,0.0,3.9237786938038095,,
Quansah,3.9,9,1.0,286,0,0,0,0.0,0.14,6.910500000000001,,
R.Williams,4.0,0,0.0,0,0,0,0,0.0,0.0,3.9237786938038095,,
Robertson,5.8,76,1.0,2014,0,0,9,0.79,3.48,69.08,,
Szoboszlai,6.4,111,1.0,1948,5,7,10,6.3,4.36,109.39,,
Tsimikas,4.6,32,0.0,509,0,1,3,0.12,1.1,32.77,,
Virgil,6.4,108,2.0,2610,1,1,12,1.53,0.75,84.81,,
Chiesa,6.8,3,0.0,25,0,0,0,0.16,0.09,7.252000000000001,,
Jaros,4.0,1,0.0,11,0,0,0,0.0,0.0,3.9237786938038095,,
Davies,4.0,0,0.0,0,0,0,0,0.0,0.0,3.9237786938038095,,
Nyoni,4.5,0,0.0,0,0,0,0,0.0,0.0,3.9237786938038095,,
Nallo,4.0,0,0.0,0,0,0,0,0.0,0.0,3.9237786938038095,,
Danns,4.5,1,0.0,10,0,0,0,0.0,0.01,44.8585142912643,,
Slot,1.5,67,9.0,0,0,0,0,0.0,0.0,3.9237786938038095,,
Akanji,5.3,44,0.0,1707,0,0,4,0.7,1.09,46.99,,
Aké,5.3,25,0.0,677,0,0,3,0.22,0.17,25.94333333333333,,
Bernardo,6.1,76,1.5,2037,2,4,4,2.97,3.49,78.15,,
Bobb,4.7,0,0.0,0,0,0,0,0.0,0.0,3.9237786938038095,,
Carson,3.9,0,0.0,0,0,0,0,0.0,0.0,3.9237786938038095,,
De Bruyne,9.3,76,1.0,1095,2,8,5,2.69,4.64,86.87,,
Doku,6.2,67,1.5,1156,3,4,5,0.97,2.45,69.45,,
Ederson M.,5.3,75,1.5,1710,0,3,5,0.0,0.02,78.5138888888889,,
Foden,9.2,99,2.0,1625,7,3,5,4.87,5.12,111.9,,
Grealish,6.4,26,0.0,600,0,1,1,0.78,1.52,53.87,,
Gvardiol,6.0,106,1.5,2468,5,0,7,4.18,2.48,80.3,,
Haaland,14.8,171,4.5,2480,21,3,7,20.78,1.75,182.22,,
J.Alvarez,7.0,0,0.0,0,0,0,0,0.0,0.0,3.9237786938038095,,
João Cancelo,5.3,0,0.0,0,0,0,0,0.0,0.0,3.9237786938038095,,
Kovačić,5.4,80,0.5,1677,4,2,7,1.46,2.65,73.05,,
Lewis,4.3,56,1.0,1699,1,2,4,1.32,0.92,54.01,,
Matheus N.,4.9,45,1.0,1040,0,4,4,0.53,2.35,51.81,,
McAtee,4.6,20,0.0,123,2,0,0,1.34,0.03,24.14,,
Ortega Moreno,5.2,26,0.5,900,0,0,2,0.0,0.0,3.9237786938038095,,
Rodrigo,6.2,2,0.0,65,0,0,0,0.0,0.09,3.5625,,
Rúben,5.4,44,1.5,1459,0,0,5,1.29,0.82,48.34,,
Stones,5.3,29,0.0,544,2,0,1,0.6,0.17,32.26,,
Walker,5.1,13,0.0,966,0,0,0,0.12,1.34,19.46,,
Savinho,6.2,91,1.5,1561,1,10,6,4.62,5.45,92.68,,
O’Reilly,4.9,2,0.0,21,0,0,0,0.03,0.0,2.058270917860824,,
Gündogan,6.3,55,3.5,1528,0,3,4,1.68,3.1,60.3,,
Kaboré,4.5,0,0.0,0,0,0,0,0.0,0.0,3.9237786938038095,,
Wright,4.5,0,0.0,0,0,0,0,0.0,0.0,3.9237786938038095,,
Simpson-Pusey,4.0,1,0.0,95,0,0,0,0.0,0.01,44.8585142912643,,
Wilson-Esbrand,4.0,0,0.0,0,0,0,0,0.0,0.0,3.9237786938038095,,
Mubama,4.5,1,0.0,27,0,0,0,0.04,0.0,1.2358333333333331,,
Alleyne,4.0,0,0.0,0,0,0,0,0.0,0.0,3.9237786938038095,,
Brits,4.0,0,0.0,0,0,0,0,0.0,0.0,3.9237786938038095,,
Khusanov,5.0,14,0.5,503,0,0,2,0.02,0.09,8.7475,,
Vitor Reis,4.5,0,0.0,0,0,0,0,0.0,0.0,3.9237786938038095,,
Guardiola,1.5,36,2.5,0,0,0,0,0.0,0.0,3.9237786938038095,,
Marmoush,7.3,38,6.5,474,4,1,2,1.16,0.87,46.51,,
N.Gonzalez,6.0,12,2.0,391,0,0,3,0.22,0.31,28.16847619047619,,
Echeverri,6.0,0,0.0,0,0,0,0,0.0,0.0,3.9237786938038095,,
Amad,5.3,107,0.0,1591,6,7,6,4.12,3.42,106.32,,
Antony,5.7,8,0.0,135,0,0,0,0.6,0.21,12.85,,
B.Fernandes,8.6,152,13.0,2375,8,11,8,8.57,5.43,138.71,,
Bayindir,4.3,0,0.0,0,0,0,0,0.0,0.0,3.9237786938038095,,
Casemiro,4.7,39,1.5,1118,1,0,3,1.29,1.79,42.65,,
Dalot,5.0,83,6.5,2486,0,3,7,1.88,1.87,71.39,,
Eriksen,5.2,30,2.5,776,0,1,4,0.19,1.71,31.0,,
Evans,4.4,14,0.0,288,0,0,1,0.08,0.02,14.605833333333331,,
Garnacho,5.9,78,6.5,1633,4,3,4,5.81,1.49,79.34,,
Hannibal,4.5,0,0.0,0,0,0,0,0.0,0.0,3.9237786938038095,,
Heaton,3.9,0,0.0,0,0,0,0,0.0,0.0,3.9237786938038095,,
Højlund,6.9,57,4.0,1429,3,1,3,2.78,0.82,69.8,,
Lindelof,4.3,13,4.0,240,0,0,1,0.0,0.06,10.4875,,
Maguire,4.9,35,0.0,1354,1,0,2,0.81,0.21,39.0,,
Mainoo,5.2,32,0.0,1282,0,0,5,0.6,1.22,39.63,,
Malacia,4.4,2,0.0,99,0,0,0,0.0,0.02,9.35128214840715,,
Martinez,4.3,68,0.0,1751,2,1,6,1.33,1.21,59.77,,
McTominay,4.9,2,0.0,17,0,0,0,0.07,0.0,1.0743333333333331,,
Mount,6.3,8,0.0,243,0,0,1,0.4,0.08,19.12,,
Onana,4.9,101,5.0,2610,0,0,8,0.0,0.19,11.7195,,
Pellistri,5.0,0,0.0,0,0,0,0,0.0,0.0,3.9237786938038095,,
Shaw,4.9,2,0.0,68,0,0,0,0.0,0.01,44.8585142912643,,
Zirkzee,6.5,60,1.5,1235,3,2,3,4.31,1.01,64.34,,
Yoro,4.3,12,0.5,695,0,0,0,0.7,0.07,18.06,,
De Ligt,4.8,66,4.0,1995,2,0,4,2.33,0.25,57.09,,
Mazraoui,4.3,72,4.0,2216,0,1,6,0.61,1.56,62.02,,
Collyer,4.5,6,1.0,174,0,0,0,0.08,0.37,20.03,,
Wheatley,4.5,0,0.0,0,0,0,0,0.0,0.0,3.9237786938038095,,
Ugarte,4.9,34,1.5,1321,1,0,3,0.47,0.51,33.73,,
Heaven,4.0,2,1.0,95,0,0,0,0.0,0.0,3.9237786938038095,,
Fletcher,4.5,0,0.0,0,0,0,0,0.0,0.0,3.9237786938038095,,
Amass,4.0,1,0.5,21,0,0,0,0.0,0.0,3.9237786938038095,,
Fitzgerald,4.5,0,0.0,0,0,0,0,0.0,0.0,3.9237786938038095,,
Kukonki,4.0,0,0.0,0,0,0,0,0.0,0.0,3.9237786938038095,,
Amorim,0.8,43,10.0,0,0,0,0,0.0,0.0,3.9237786938038095,,
Harrison,4.0,0,0.0,0,0,0,0,0.0,0.0,3.9237786938038095,,
Dorgu,4.5,-1,0.0,222,0,0,0,0.08,0.08,3.92,,
Obi,4.5,2,0.5,26,0,0,0,0.0,0.01,44.8585142912643,,
Fredricson,4.0,0,0.0,0,0,0,0,0.0,0.0,3.9237786938038095,,
Moorhouse,4.5,0,0.0,0,0,0,0,0.0,0.0,3.9237786938038095,,
Koné,4.5,0,0.0,0,0,0,0,0.0,0.0,3.9237786938038095,,
Graczyk,4.0,0,0.0,0,0,0,0,0.0,0.0,3.9237786938038095,,
Dermot Mee,4.0,0,0.0,0,0,0,0,0.0,0.0,3.9237786938038095,788.0,14.0
A.Murphy,4.0,0,0.0,0,0,0,0,0.0,0.0,3.9237786938038095,,
Almirón,5.4,10,0.0,150,0,0,0,0.52,0.19,12.95,,
Barnes,5.9,73,6.0,893,5,2,2,2.82,3.1,74.07,,
Botman,4.4,7,0.0,225,0,0,1,0.03,0.02,11.67426923076923,,
Bruno G.,6.1,103,11.0,2424,3,6,9,2.84,4.3,94.87,,
Burn,4.4,73,5.0,2430,0,0,9,1.1,0.79,58.09,,
Dúbravka,4.2,44,0.0,900,0,0,5,0.0,0.0,3.9237786938038095,,
Gordon,7.4,113,0.0,2107,6,6,9,8.01,4.5,112.12,,
Hall,4.8,102,0.0,2188,0,7,8,0.43,3.73,77.03,,
Hayden,4.4,0,0.0,0,0,0,0,0.0,0.0,3.9237786938038095,,
Isak,9.3,169,2.0,2053,19,5,8,15.45,3.15,169.98,,
J.Murphy,5.0,101,3.0,1676,5,8,7,3.94,3.72,102.34,,
Joelinton,6.0,79,3.0,2005,4,1,8,3.49,1.7,72.76,,
Kelly,4.2,12,0.0,299,0,1,0,0.41,0.11,15.18,,
Krafth,4.3,11,0.0,241,0,0,1,0.04,0.03,13.783333333333331,,
Kuol,4.4,0,0.0,0,0,0,0,0.0,0.0,3.9237786938038095,,
Lascelles,4.5,0,0.0,0,0,0,0,0.0,0.0,3.9237786938038095,,
Lewis,4.0,0,0.0,0,0,0,0,0.0,0.0,3.9237786938038095,,
Livramento,4.5,65,7.0,1935,0,0,6,0.13,0.94,22.118333333333336,,
Longstaff,4.5,30,1.0,734,0,1,2,0.6,0.22,27.05,,
Miley,5.0,15,0.0,188,1,0,0,0.57,0.09,21.09,,
Odysseas,4.2,0,0.0,0,0,0,0,0.0,0.0,3.9237786938038095,,
Pope,4.9,56,6.0,1620,0,0,4,0.0,0.0,3.9237786938038095,,
Ruddy,3.9,0,0.0,0,0,0,0,0.0,0.0,3.9237786938038095,,
Schär,5.4,66,6.0,2052,2,0,7,1.77,0.79,69.37,,
Targett,3.9,1,0.0,12,0,0,0,0.0,0.0,3.9237786938038095,,
Tonali,5.5,56,3.0,1725,1,1,7,3.15,1.19,53.74,,
Trippier,5.6,34,8.0,688,0,0,3,0.05,0.58,26.49,,
White,4.5,0,0.0,0,0,0,0,0.0,0.0,3.9237786938038095,,
Willock,4.7,38,1.0,801,0,2,3,0.87,0.8,56.95,,
Wilson,6.9,8,1.0,156,0,0,0,0.22,0.01,6.198404761904762,,
Pivas,4.0,0,0.0,0,0,0,0,0.0,0.0,3.9237786938038095,,
Osula,4.9,10,0.0,65,0,0,0,0.0,0.02,9.35128214840715,,
Howe,1.5,29,9.0,0,0,0,0,0.0,0.0,3.9237786938038095,,
Neave,4.5,0,0.0,0,0,0,0,0.0,0.0,3.9237786938038095,,
Alex Moreno,4.2,31,0.0,812,0,1,3,0.17,0.82,31.86,,
Aina,5.4,122,3.5,2531,2,1,12,0.58,1.47,90.0,,
Anderson,5.0,83,4.0,1978,1,6,11,1.35,3.04,75.32,,
Awoniyi,5.5,27,1.0,263,1,0,0,2.04,0.11,33.05,,
Boly,4.2,5,0.0,131,0,0,0,0.07,0.0,1.0743333333333331,,
Bowler,4.5,0,0.0,0,0,0,0,0.0,0.0,3.9237786938038095,,
C.Miguel,4.1,0,0.0,0,0,0,0,0.0,0.0,3.9237786938038095,,
Da Silva Moreira,4.3,2,0.0,28,0,0,0,0.0,0.0,3.9237786938038095,,
Danilo,4.7,8,0.5,168,0,0,1,0.0,0.01,44.8585142912643,,
Dennis,4.9,0,0.0,0,0,0,0,0.0,0.0,3.9237786938038095,,
Dominguez,4.8,36,2.5,1387,0,0,6,1.28,1.0,40.96,,
Elanga,5.3,118,9.5,1841,5,8,11,3.95,3.72,102.34,,
Gibbs-White,6.6,118,5.0,2019,5,10,11,4.07,4.14,113.45,,
Hudson-Odoi,5.3,95,6.5,1893,5,3,11,2.21,2.35,88.2,,
Mighten,4.5,0,0.0,0,0,0,0,0.0,0.0,3.9237786938038095,,
Murillo,4.7,102,4.5,2478,1,0,11,1.14,1.02,79.56,,
N.Williams,4.4,84,3.5,1778,1,1,9,1.77,0.7,63.52,,
O.Richards,4.5,0,0.0,0,0,0,0,0.0,0.0,3.9237786938038095,,
O'Brien,5.0,0,0.0,0,0,0,0,0.0,0.0,3.9237786938038095,,
Omobamidele,4.2,0,0.0,0,0,0,0,0.0,0.0,3.9237786938038095,,
Panzo,4.0,0,0.0,0,0,0,0,0.0,0.0,3.9237786938038095,,
Sangaré,4.3,11,0.5,270,0,1,1,0.02,0.06,36.3,,
Sels,5.1,125,4.5,2610,0,1,12,0.0,0.07,73.78333333333333,,
Toffolo,4.2,3,0.0,45,0,0,0,0.02,0.01,12.368880952380954,,
Ui-jo,4.5,0,0.0,0,0,0,0,0.0,0.0,3.9237786938038095,,
Wood,7.3,174,2.0,2343,18,3,14,10.9,1.08,168.72,,
Worrall,4.5,0,0.0,0,0,0,0,0.0,0.0,3.9237786938038095,,
Yates,4.8,53,0.5,1537,2,1,5,2.24,0.43,36.41,,
Milenković,4.9,120,8.5,2520,4,2,12,3.61,0.6,93.32,,
Jota Silva,5.9,42,3.0,708,2,2,1,1.52,1.85,50.56,,
Sosa,5.5,20,0.0,229,1,0,1,1.04,0.3,46.19,,
Morato,4.5,34,0.5,616,0,0,3,0.1,0.02,18.933071428571427,,
Abbott,4.0,0,0.0,0,0,0,0,0.0,0.0,3.9237786938038095,,
Hennessey,4.0,0,0.0,0,0,0,0,0.0,0.0,3.9237786938038095,,
Nuno,1.1,43,9.5,0,0,0,0,0.0,0.0,3.9237786938038095,,
Ramsdale,4.4,57,1.5,1890,0,0,2,0.0,0.03,41.27485119047618,,
Archer,4.9,46,1.0,1166,2,0,1,4.88,0.54,59.75,,
Ugochukwu,4.4,26,2.0,1022,0,1,0,0.36,0.43,24.513333333333332,,
Fraser,4.8,7,0.0,303,0,0,0,0.02,0.1,7.5175,,
Amo-Ameyaw,4.4,1,0.0,26,0,0,0,0.02,0.13,5.45,,
Aribo,4.9,67,1.5,1821,3,0,1,2.66,1.21,68.13,,
Armstrong,5.1,45,0.0,1246,2,3,2,3.28,0.56,52.04,,
Bazunu,4.3,0,0.0,0,0,0,0,0.0,0.0,3.9237786938038095,,
Bednarek,4.0,47,0.5,1901,2,0,2,0.65,0.78,48.65,,
Bella-Kotchap,3.9,2,1.0,329,0,0,0,0.32,0.01,4.163738095238095,,
Bree,3.9,15,0.0,886,0,1,0,0.11,0.67,31.32,,
Charles,4.5,0,0.0,0,0,0,0,0.0,0.0,3.9237786938038095,,
Edozie,4.9,1,0.0,64,0,0,0,0.0,0.15,3.3445,,
Edwards,3.9,1,0.0,12,0,0,0,0.0,0.0,3.9237786938038095,,
Harwood-Bellis,4.0,42,1.0,2119,1,0,2,1.72,0.53,39.77,,
Kamaldeen,5.0,33,2.0,734,1,1,0,0.78,0.41,36.71,,
Lallana,5.0,17,0.5,352,0,2,0,0.15,0.48,25.37,,
Larios,3.9,0,0.0,0,0,0,0,0.0,0.0,3.9237786938038095,,
Lis,4.0,0,0.0,0,0,0,0,0.0,0.0,3.9237786938038095,,
Lumley,4.0,8,0.0,270,0,0,0,0.0,0.0,3.9237786938038095,,
Manning,4.3,18,1.0,968,0,1,0,0.29,2.07,39.49,,
Mara,5.0,0,0.0,0,0,0,0,0.0,0.0,3.9237786938038095,,
McCarthy,4.2,12,0.0,450,0,0,0,0.0,0.0,3.9237786938038095,,
Onuachu,4.9,39,3.5,755,3,1,0,2.84,0.24,42.9,,
Smallbone,5.0,20,3.5,549,1,0,0,0.39,0.76,28.05,,
Stephens,4.0,12,0.5,804,0,0,1,0.28,0.2,14.158333333333331,,
Stewart,4.4,3,0.0,130,0,0,0,0.17,0.02,6.992904761904762,,
Sugawara,4.2,39,1.0,1432,1,1,2,0.44,2.44,52.97,,
Taylor,3.9,5,0.0,263,0,0,0,0.0,0.1,4.6875,,
Walker-Peters,4.3,43,1.0,2378,0,2,2,0.49,2.15,45.92,,
Wood,4.0,13,0.0,622,0,0,1,0.23,0.04,15.07,,
Cornet,4.7,1,0.0,71,0,0,0,0.16,0.0,5.196666666666667,,
Downes,4.7,35,0.5,1520,1,0,2,0.62,1.14,59.52,,
Brereton Díaz,4.8,13,0.0,446,0,0,0,0.9,0.15,21.13,,
Dibling,4.4,56,3.5,1533,2,2,2,2.46,1.32,60.45,,
M.Fernandes,5.0,61,1.5,2142,1,2,4,3.22,2.64,59.64,,
O'Brien-Whitmarsh,4.5,0,0.0,0,0,0,0,0.0,0.0,3.9237786938038095,,
Welington,4.0,3,0.0,171,0,0,0,0.01,0.14,7.646,,
Kayi Sanda,4.0,0,0.0,0,0,0,0,0.0,0.0,3.9237786938038095,,
Grønbæk,4.9,6,1.5,141,0,0,0,0.12,0.01,14.134166666666664,,
Jurić,0.5,12,1.0,0,0,0,0,0.0,0.0,3.9237786938038095,,
Solanke,7.3,87,2.0,1778,7,5,3,9.16,1.09,90.26,,
A.Phillips,4.0,0,0.0,0,0,0,0,0.0,0.0,3.9237786938038095,,
Austin,4.0,1,0.0,90,0,0,0,0.0,0.0,3.9237786938038095,,
Bentancur,4.9,41,1.5,1243,2,0,3,1.36,0.82,47.35,,
Bergvall,4.4,35,2.5,924,0,2,2,0.55,0.63,37.22,,
Bissouma,4.8,44,0.5,1136,2,0,3,0.57,0.47,40.8,,
Bryan,5.0,0,0.0,0,0,0,0,0.0,0.0,3.9237786938038095,,
Davies,4.3,24,0.5,720,0,0,3,0.17,0.21,19.098,,
Devine,4.5,0,0.0,0,0,0,0,0.0,0.0,3.9237786938038095,,
Dragusin,4.3,24,0.0,1250,0,0,2,0.13,0.16,21.76,,
E.Royal,4.5,0,0.0,0,0,0,0,0.0,0.0,3.9237786938038095,,
Forster,4.3,19,0.0,630,0,0,1,0.0,0.0,3.9237786938038095,,
Gray,4.6,34,1.0,1245,0,0,2,0.03,0.16,28.38,,
Højbjerg,5.0,0,0.0,0,0,0,0,0.0,0.0,3.9237786938038095,,
Johnson,6.2,108,1.0,1759,9,4,2,9.61,1.37,102.6,,
Kulusevski,6.2,110,0.0,2152,7,4,6,3.92,3.95,108.7,,
Lo Celso,4.9,0,0.0,0,0,0,0,0.0,0.0,3.9237786938038095,,
Maddison,7.4,118,0.5,1514,9,6,5,5.42,5.46,119.28,,
Pedro Porro,5.3,93,0.5,2277,2,5,6,1.5,3.65,88.67,495.0,18.0
Reguilón,4.1,1,0.0,121,0,0,0,0.07,0.24,5.78,,
Richarlison,6.8,20,0.0,275,2,1,1,1.17,0.58,26.07,,
Romero,4.9,44,4.5,1101,1,0,3,1.06,0.75,53.08,,
P.M.Sarr,4.7,60,5.0,1386,3,2,2,3.12,0.61,62.87,,
Scarlett,4.4,6,0.5,31,0,1,0,0.04,0.0,8.48,,
Solomon,5.4,0,0.0,0,0,0,0,0.0,0.0,3.9237786938038095,,
Son,9.7,123,3.5,1855,7,10,4,6.66,4.69,122.75,,
Spence,4.4,42,1.0,1063,1,1,3,0.28,0.94,42.7,,
Udogie,4.8,43,1.0,1653,0,1,2,0.31,1.14,38.08,,
Van de Ven,4.5,29,0.5,817,0,2,2,0.35,0.69,31.77,,
Veliz,5.0,0,0.0,0,0,0,0,0.0,0.0,3.9237786938038095,,
Vicario,4.8,56,2.0,1530,0,0,4,0.0,0.0,3.9237786938038095,,
Werner,6.2,34,0.0,504,0,3,1,1.04,1.55,44.64,,
Whiteman,3.9,0,0.0,0,0,0,0,0.0,0.0,3.9237786938038095,,
Lankshear,4.5,3,0.0,10,0,0,0,0.0,0.0,3.9237786938038095,,
Moore,4.5,14,0.0,180,0,2,0,0.2,0.55,21.15,,
Odobert,5.3,13,1.5,348,0,0,1,0.68,0.17,21.54,,
Olusesi,4.5,0,0.0,0,0,0,0,0.0,0.0,3.9237786938038095,,
Hardy,4.0,0,0.0,0,0,0,0,0.0,0.0,3.9237786938038095,,
Williams-Barnett,4.5,0,0.0,0,0,0,0,0.0,0.0,3.9237786938038095,,
Dorrington,4.0,1,0.0,13,0,0,0,0.0,0.0,3.9237786938038095,,
King,4.0,0,0.0,0,0,0,0,0.0,0.0,3.9237786938038095,,
Kinsky,4.2,12,0.0,360,0,0,1,0.0,0.01,44.8585142912643,,
Yang,4.5,0,0.0,0,0,0,0,0.0,0.0,3.9237786938038095,,
Ajayi,4.5,0,0.0,0,0,0,0,0.0,0.0,3.9237786938038095,,
Postecoglou,1.1,40,5.0,0,0,0,0,0.0,0.0,3.9237786938038095,,
Cassanova,4.0,0,0.0,0,0,0,0,0.0,0.0,3.9237786938038095,,
Danso,4.5,11,0.5,347,0,0,1,0.33,0.06,11.3,,
Tel,6.0,10,1.5,304,0,0,2,0.78,0.11,15.99,,
Ferguson,5.5,25,1.0,326,1,0,1,0.82,0.66,49.52,,
Wan-Bissaka,4.5,88,2.0,2434,2,3,5,1.0,2.04,65.0,,
Álvarez,5.0,35,1.0,1534,0,1,3,0.31,0.79,34.01833333333334,,
Antonio,5.3,42,0.0,834,1,4,4,2.2,0.91,67.4,,
Areola,4.2,45,3.0,1539,0,0,3,0.0,0.0,3.9237786938038095,,
Bowen,7.6,125,3.5,2187,7,8,6,6.32,4.96,120.77,,
Coufal,4.1,18,0.0,729,0,0,1,0.27,0.8,25.69583333333333,,
Cresswell,3.9,26,1.0,538,0,0,2,0.11,1.22,23.41,,
Earthy,4.5,0,0.0,0,0,0,0,0.0,0.0,3.9237786938038095,,
Emerson,4.4,61,1.0,1789,2,1,4,1.6,2.11,59.91,,
Fabianski,4.0,36,0.0,1070,0,0,2,0.0,0.0,3.9237786938038095,,
Foderingham,4.3,0,0.0,0,0,0,0,0.0,0.0,3.9237786938038095,,
Ings,4.9,32,0.5,270,1,3,0,2.25,0.06,35.02,,
Kilman,4.3,66,2.0,2538,0,1,5,1.45,0.86,61.62,,
Kudus,6.2,74,2.0,1995,3,2,5,5.92,2.05,73.39,,
L.Guilherme,4.6,7,0.0,50,0,0,0,0.03,0.12,7.57,,
L.Paquetá,5.7,69,1.5,1803,4,1,4,5.04,2.23,73.27,,
Mavropanos,4.3,37,1.5,1656,0,0,2,1.26,0.38,37.58,,
N.Aguerd,4.4,0,0.0,0,0,0,0,0.0,0.0,3.9237786938038095,,
Souček,4.9,101,6.0,2081,7,2,6,4.77,1.22,97.42,,
Ward-Prowse,6.1,25,2.0,810,0,1,3,0.39,1.45,29.23,,
Zouma,4.4,0,0.0,0,0,0,0,0.0,0.0,3.9237786938038095,,
Irving,4.7,9,0.0,161,0,0,0,0.13,0.12,10.733333333333334,,
Summerville,5.5,33,0.0,776,1,1,2,1.61,1.71,41.2,,
G.Rodríguez,4.8,29,0.5,1016,0,0,3,0.22,0.12,13.06,,
Füllkrug,6.7,22,0.0,366,2,1,1,1.38,0.29,27.76,,
Todibo,4.2,38,1.5,1143,0,0,4,0.15,0.04,26.14,,
Casey,4.0,1,0.0,1,0,0,0,0.0,0.0,3.9237786938038095,,
C.Soler,5.0,39,1.0,1088,1,1,2,1.21,1.21,55.68,,
Scarles,4.0,22,1.0,401,0,0,2,0.11,0.14,16.77,,
Mayers,4.0,0,0.0,0,0,0,0,0.0,0.0,3.9237786938038095,,
Orford,4.5,2,0.0,47,0,0,0,0.03,0.04,7.978,,
Potter,0.5,43,2.0,0,0,0,0,0.0,0.0,3.9237786938038095,,
Johnstone,4.2,12,0.0,630,0,0,0,0.0,0.0,3.9237786938038095,,
Aït-Nouri,4.8,80,2.0,2384,3,5,4,1.92,1.82,84.72,,
B.Traore,4.8,0,0.0,0,0,0,0,0.0,0.0,3.9237786938038095,,
Bellegarde,4.9,74,8.0,1278,2,6,5,1.13,2.44,79.42,,
Bentley,3.9,0,0.0,0,0,0,0,0.0,0.0,3.9237786938038095,,
Chiquinho,4.5,1,0.0,6,0,0,0,0.0,0.05,5.780833333333334,,
Chirewa,4.5,0,0.0,0,0,0,0,0.0,0.0,3.9237786938038095,,
Chiwome,4.5,0,0.0,0,0,0,0,0.0,0.0,3.9237786938038095,,
Cundle,4.5,0,0.0,0,0,0,0,0.0,0.0,3.9237786938038095,,
Cunha,6.9,143,0.0,2143,13,4,5,6.82,4.45,137.6,,
Dawson,4.3,17,0.0,969,0,1,1,0.5,0.07,20.51,,
Doherty,4.3,53,2.0,1607,2,1,4,1.09,0.91,52.36,,
Doyle,4.7,28,1.0,474,0,1,0,0.55,0.35,26.62,,
Fábio Silva,5.0,0,0.0,0,0,0,0,0.0,0.0,3.9237786938038095,545.0,20.0
Fraser,4.5,0,0.0,0,0,0,0,0.0,0.0,3.9237786938038095,,
Gonzalez,4.4,0,0.0,0,0,0,0,0.0,0.0,3.9237786938038095,,
Guedes,5.3,55,1.0,756,2,4,3,2.18,0.62,59.22,,
H.Bueno,4.5,0,0.0,0,0,0,0,0.0,0.0,3.9237786938038095,,
Hee Chan,6.1,34,0.5,625,2,1,0,0.79,0.35,34.14,,
Hodge,4.5,0,0.0,0,0,0,0,0.0,0.0,3.9237786938038095,,
Hoever,4.0,0,0.0,0,0,0,0,0.0,0.0,3.9237786938038095,,
J.Gomes,4.9,70,2.0,2249,3,1,3,2.37,2.32,69.27,,
José Sá,4.4,66,2.5,1980,0,0,5,0.0,0.01,44.8585142912643,,
Kalajdžić,4.8,0,0.0,0,0,0,0,0.0,0.0,3.9237786938038095,,
King,4.0,0,0.0,0,0,0,0,0.0,0.0,3.9237786938038095,,
Mario Jr.,4.8,47,0.0,1363,1,3,1,1.3,0.87,49.19,,
Mosquera,3.8,3,0.0,441,0,0,0,0.33,0.03,5.8925,,
N.Semedo,4.5,59,2.0,2148,0,4,5,0.78,1.17,60.61,,
Pedro Lima,3.9,2,0.0,69,0,0,0,0.06,0.1,4.84,,
Podence,5.5,2,0.0,46,0,0,0,0.04,0.01,7.425166666666666,,
R.Gomes,5.1,28,0.0,560,1,0,1,0.37,0.64,29.47,,
S.Bueno,4.3,41,1.0,1520,0,0,4,0.45,0.08,30.83,,
Sarabia,5.0,26,1.0,557,1,1,1,2.52,0.94,64.72,,
Strand Larsen,5.3,100,7.0,2067,9,2,4,6.43,0.6,94.59,,
Toti,4.3,53,2.0,1803,0,1,5,0.07,0.52,44.72,,
Meupiyou,3.9,0,0.0,0,0,0,0,0.0,0.0,3.9237786938038095,,
André,5.0,44,2.0,1747,0,0,4,0.22,0.31,28.16847619047619,,
Forbs,5.4,8,0.0,235,0,0,0,0.15,0.1,9.353333333333332,,
Pond,3.9,1,0.0,1,0,0,0,0.0,0.0,3.9237786938038095,,
Edozie,4.5,0,0.0,0,0,0,0,0.0,0.0,3.9237786938038095,,
Okoduwa,4.0,0,0.0,0,0,0,0,0.0,0.0,3.9237786938038095,,
Agbadou,4.0,13,2.0,600,0,0,1,0.03,0.04,7.978,,
Pereira,0.8,53,6.0,0,0,0,0,0.0,0.0,3.9237786938038095,,
Djiga,4.5,2,0.5,18,0,0,0,0.0,0.0,3.9237786938038095,,
Munetsi,5.0,20,5.5,338,1,1,2,1.93,0.03,24.54,,
Mané,4.5,0,0.0,0,0,0,0,0.0,0.0,3.9237786938038095,,
